Aino Mito,1,,,,,,,,,,,,,,,,,,,,,,,,,,,,,,,,,,,,,,,,,,,,,,,,,,,,,,,,,,,,,,,,,,,,,,,,,,,
,2,,,,,,,,,,,,,,,,,,,,,,,,,,,,,,,,,,,,,,,,,,,,,,,,,,,,,,,,,,,,,,,,,,,,,,,,,,,
,3,,,,,,,,,,,,,,,,,,,,,,,,,,,,,,,,,,,,,,,,,,,,,,,,,,,,,,,,,,,,,,,,,,,,,,,,,,,
,4,1000000,3,,,,,,12,,,,,,8,,,,,,,,,,,,,,,,6,,,,,,,,,,,,,,,,,,,,,,,,,,,,,12,6,,,,,,,,,,,,,,,
,5,,3,,,15,,,,,,,,,,,,,,,,,,,,10,,8,,,,,,,,,,,,,,,,,,,,,,,,,,,,,,,,15,10,,,,,,,,,,,,,,,
,2,10000,,,,,,5,,,,,,,,,,3,,,,,,,,1,,,,,,,,,,,,,,,,,,,,,,,,,,,,,,,,,,,,5,3,1,,,,,,,,,,,,
,3,100000,,,,,,,7,,,,,,,,,,5,,,,,,,,,,,,3,,,,,,,,,,,,,,,,,,,,,,,,,,,,,,,7,5,3,,,,,,,,,,,,
,4,300000,,,,9,,,,,,,,,,,,7,,,,,,,,5,,,,,,,,,,,,,,,,,,,,,,,,,,,,,,,,,,,,9,7,5,,,,,,,,,,,,
,5,1000000,,,,,,,11,,,,,,,,,,5,,,,,,,,,,,,7,,,,,,,,,,,,,,,,,,,,,,,,,,,,,,,11,9,7,,,,,,,,,,,,
Akemi Homura,1,,,,,,,,,,,,,,,,,,,,,,,,,,,,,,,,,,,,,,,,,,,,,,,,,,,,,,,,,,,,,,,,,,,,,,,,,,,
,2,,,,,,,,,,,,,,,,,,,,,,,,,,,,,,,,,,,,,,,,,,,,,,,,,,,,,,,,,,,,,,,,,,,,,,,,,,,
,3,,,,,,,,,,,,,,,,,,,,,,,,,,,,,,,,,,,,,,,,,,,,,,,,,,,,,,,,,,,,,,,,,,,,,,,,,,,
,4,1000000,3,12,,,,,,,,,,,,,,,,,,,,,,8,,,,,,,6,,,,,,,,,,,,,,,,,,,,,,,,,,,,,,,,,,,,,,,12,6,,,
,5,,3,,,,,,,,,15,,,,,,,,,,,,,,,10,,,,,8,,,,,,,,,,,,,,,,,,,,,,,,,,,,,,,,,,,,,,,,15,10,,,
,2,10000,,,,,,,,,,5,,,3,,,,,,,,,1,,,,,,,,,,,,,,,,,,,,,,,,,,,,,,,,,,,,,,,,,,,,,,,,,,5,3,1
,3,100000,,,,,,,,7,,,,,,,,,,,,5,,,,,,,,,,3,,,,,,,,,,,,,,,,,,,,,,,,,,,,,,,,,,,,,,,,,,7,5,3
,4,300000,,,,,9,,,,,,,,,,7,,,,,,,,,,,,,,,,5,,,,,,,,,,,,,,,,,,,,,,,,,,,,,,,,,,,,,,,,,9,7,5
,5,1000000,,,,,,,,,,11,,,,,,,,6,,,,,,7,,,,,,,,,,,,,,,,,,,,,,,,,,,,,,,,,,,,,,,,,,,,,,,,11,9,7
Akemi Homura (Megane ver.),1,,,,,,,,,,,,,,,,,,,,,,,,,,,,,,,,,,,,,,,,,,,,,,,,,,,,,,,,,,,,,,,,,,,,,,,,,,,
,2,,,,,,,,,,,,,,,,,,,,,,,,,,,,,,,,,,,,,,,,,,,,,,,,,,,,,,,,,,,,,,,,,,,,,,,,,,,
,3,,,,,,,,,,,,,,,,,,,,,,,,,,,,,,,,,,,,,,,,,,,,,,,,,,,,,,,,,,,,,,,,,,,,,,,,,,,
,4,1000000,3,,,,,12,,,,,,,8,,,,,,,,,,,,,,,6,,,,,,,,,,,,,,,,,,,,,,,,,,,,,,,,,,,,,,,,,,12,6,,,
,5,,3,,,,,,,,,,,,,15,,,,,,10,,,,8,,,,,,,,,,,,,,,,,,,,,,,,,,,,,,,,,,,,,,,,,,,,,,15,10,,,
,2,10000,,,,,,5,,,,,,,,3,,,,,,,,,,,,1,,,,,,,,,,,,,,,,,,,,,,,,,,,,,,,,,,,,,,,,,,,,,,5,3,1
,3,100000,,,,,7,,,,,,,,5,,,,,,,,,,,,,,3,,,,,,,,,,,,,,,,,,,,,,,,,,,,,,,,,,,,,,,,,,,,,7,5,3
,4,300000,,,,9,,,,,,,,,,7,,,,,,,,,,,,,,5,,,,,,,,,,,,,,,,,,,,,,,,,,,,,,,,,,,,,,,,,,,,9,7,5
,5,1000000,,11,,,,,,,,,,,,,,,,,,,,5,,,,,7,,,,,,,,,,,,,,,,,,,,,,,,,,,,,,,,,,,,,,,,,,,,,11,9,7
Akemi Homura (Mizugi ver.),1,,,,,,,,,,,,,,,,,,,,,,,,,,,,,,,,,,,,,,,,,,,,,,,,,,,,,,,,,,,,,,,,,,,,,,,,,,,
,2,,,,,,,,,,,,,,,,,,,,,,,,,,,,,,,,,,,,,,,,,,,,,,,,,,,,,,,,,,,,,,,,,,,,,,,,,,,
,3,,,,,,,,,,,,,,,,,,,,,,,,,,,,,,,,,,,,,,,,,,,,,,,,,,,,,,,,,,,,,,,,,,,,,,,,,,,
,4,1000000,3,,,12,,,,,,,,,,8,,,,,,,,,,,,,,,,6,,,,,,,,,,,,,,,,,,,,,,,,,,,,,,,,,,12,6,,,,,,,,,
,5,,3,,,,,,,,15,,,,,,,,,,,,,,10,,,,8,,,,,,,,,,,,,,,,,,,,,,,,,,,,,,,,,,,,,15,10,,,,,,,,,
,2,10000,,,,,,5,,,,,,,,,3,,,,,,,,,1,,,,,,,,,,,,,,,,,,,,,,,,,,,,,,,,,,,,,,,,,,5,3,1,,,,,,
,3,100000,,,,,,,,,7,,,5,,,,,,,,,,,,,,,3,,,,,,,,,,,,,,,,,,,,,,,,,,,,,,,,,,,,,,,7,5,3,,,,,,
,4,300000,,,,9,,,,,,,,,,,,7,,,,,,,,,,,,,,,,,5,,,,,,,,,,,,,,,,,,,,,,,,,,,,,,,,,9,7,5,,,,,,
,5,1000000,,,,,,,,,11,,,,,5,,,,,,,,,,,,,,,,,7,,,,,,,,,,,,,,,,,,,,,,,,,,,,,,,,,,,11,9,7,,,,,,
Akino Kaede,1,,,,,,,,,,,,,,,,,,,,,,,,,,,,,,,,,,,,,,,,,,,,,,,,,,,,,,,,,,,,,,,,,,,,,,,,,,,
,2,,,,,,,,,,,,,,,,,,,,,,,,,,,,,,,,,,,,,,,,,,,,,,,,,,,,,,,,,,,,,,,,,,,,,,,,,,,
,3,300000,2,8,,,,,,,,,,,,,,,,,,,,,,,,,,3,,,,,,,,,,,,,,,,,,,,,,,,,,,,,9,7,4,,,,,,,,,,,,,,,
,4,1000000,3,,,12,,,,,,,,,8,,,,,,,,,,,,,6,,,,,,,,,,,,,,,,,,,,,,,,,,,,,,,,12,6,,,,,,,,,,,,,,,
,5,,3,,,,,,15,,,,,,,,,,,,,,,,,,,,,,,,10,,8,,,,,,,,,,,,,,,,,,,,,,,,,15,10,,,,,,,,,,,,,,,
,2,10000,,,,,4,,,,,,,,2,,,,,,,,,,,,,,,,,,,,,,,,,,,,,,,,,,,,,,,,,,,,,,,4,2,,,,,,,,,,,,,
,3,100000,,6,,,,,,,,,,,4,,,,,,,,2,,,,,,,,,,,,,,,,,,,,,,,,,,,,,,,,,,,,,,,6,4,2,,,,,,,,,,,,
,4,300000,,,,8,,,,,,,,,6,,,,,,,,,,,,,,4,,,,,,,,,,,,,,,,,,,,,,,,,,,,,,,,,8,6,4,,,,,,,,,,,,
,5,1000000,,,10,,,,,,,,,,,,,,,,,,4,,,,,6,,,,,,,,,,,,,,,,,,,,,,,,,,,,,,,,,,10,8,6,,,,,,,,,,,,
Alina Gray,1,,,,,,,,,,,,,,,,,,,,,,,,,,,,,,,,,,,,,,,,,,,,,,,,,,,,,,,,,,,,,,,,,,,,,,,,,,,
,2,,,,,,,,,,,,,,,,,,,,,,,,,,,,,,,,,,,,,,,,,,,,,,,,,,,,,,,,,,,,,,,,,,,,,,,,,,,
,3,,,,,,,,,,,,,,,,,,,,,,,,,,,,,,,,,,,,,,,,,,,,,,,,,,,,,,,,,,,,,,,,,,,,,,,,,,,
,4,1000000,3,12,,,,,,,,,,,,,,,,,,,,,,,6,8,,,,,,,,,,,,,,,,,,,,,,,,,,,,,,,,12,6,,,,,,,,,,,,,,,
,5,,3,,,,,,,,,,,,,,,,15,,,,,,,,10,,,8,,,,,,,,,,,,,,,,,,,,,,,,,,,,,,15,10,,,,,,,,,,,,,,,
,2,10000,,5,,,,,,,,,,,,,,,3,,,,,,,,1,,,,,,,,,,,,,,,,,,,,,,,,,,,,,,,,,,,5,3,1,,,,,,,,,,,,
,3,100000,,,7,,,,,,,,,,,,,,5,,,,,,,,,,3,,,,,,,,,,,,,,,,,,,,,,,,,,,,,,,,,7,5,3,,,,,,,,,,,,
,4,300000,,,,,,9,,,,,,,,,,,7,,,,,,,,5,,,,,,,,,,,,,,,,,,,,,,,,,,,,,,,,,,,9,7,5,,,,,,,,,,,,
,5,1000000,,,,,11,,,,,,,,,,,,,,,,,,,,5,7,,,,,,,,,,,,,,,,,,,,,,,,,,,,,,,,,,11,9,7,,,,,,,,,,,,
Amane Sisters (Mizugi ver.),1,,,,,,,,,,,,,,,,,,,,,,,,,,,,,,,,,,,,,,,,,,,,,,,,,,,,,,,,,,,,,,,,,,,,,,,,,,,
,2,,,,,,,,,,,,,,,,,,,,,,,,,,,,,,,,,,,,,,,,,,,,,,,,,,,,,,,,,,,,,,,,,,,,,,,,,,,
,3,,,,,,,,,,,,,,,,,,,,,,,,,,,,,,,,,,,,,,,,,,,,,,,,,,,,,,,,,,,,,,,,,,,,,,,,,,,
,4,1000000,3,,,,,,,,,12,,8,,,,,,,,,,,,6,,,,,,,,,,,,,,,,,,,,,,,,,,,,12,6,,,,,,,,,,,,,,,,,,,,,
,5,,3,,,15,,,,,,,,,,,,,,,,,,,,,,,,,,,8,10,,,,,,,,,,,,,,,,,,,,15,10,,,,,,,,,,,,,,,,,,,,,
,2,10000,,,,,,,,,,5,,,3,,,,,,,,,1,,,,,,,,,,,,,,,,,,,,,,,,,,,,,,,,5,3,1,,,,,,,,,,,,,,,,,,
,3,100000,,,,,,,,,,7,,,,,,,,,,5,,,,,,,,,,3,,,,,,,,,,,,,,,,,,,,,,,,7,5,3,,,,,,,,,,,,,,,,,,
,4,300000,,,,,,,,9,,,,7,,,,,,,,,,,5,,,,,,,,,,,,,,,,,,,,,,,,,,,,,,,9,7,5,,,,,,,,,,,,,,,,,,
,5,1000000,,,,,11,,,,,,,,,,,,,5,,,,,,,,,,,,,7,,,,,,,,,,,,,,,,,,,,,,,11,9,7,,,,,,,,,,,,,,,,,,
Amane Tsukasa,1,,,,,,,,,,,,,,,,,,,,,,,,,,,,,,,,,,,,,,,,,,,,,,,,,,,,,,,,,,,,,,,,,,,,,,,,,,,
,2,,,,,,,,,,,,,,,,,,,,,,,,,,,,,,,,,,,,,,,,,,,,,,,,,,,,,,,,,,,,,,,,,,,,,,,,,,,
,3,300000,2,,,,,,8,,,,,,,,,,,,,,,,,,,,,3,,,,,,,,,,,,,,,,,,,,,,,,,,,,,,,,,,,9,7,4,,,,,,,,,
,4,1000000,3,,,,,,12,,,,,,,,,,,,,,,,,6,,,,8,,,,,,,,,,,,,,,,,,,,,,,,,,,,,,,,,,,,12,6,,,,,,,,,
,5,,3,,,,,,12,,,,,,,,,,,,,,,,,6,,,,8,,,,,,,,,,,,,,,,,,,,,,,,,,,,,,,,,,,,12,6,,,,,,,,,
,2,10000,,4,,,,,,,,,,,,,,2,,,,,,,,,,,,,,,,,,,,,,,,,,,,,,,,,,,,,,,,,,,,,,,,,,4,2,,,,,,,
,3,100000,,,,6,,,,,,,,,,,,4,,,,,,,2,,,,,,,,,,,,,,,,,,,,,,,,,,,,,,,,,,,,,,,,,,,6,4,2,,,,,,
,4,300000,,,,,,8,,,,,,,,,,6,,,,,,,4,,,,,,,,,,,,,,,,,,,,,,,,,,,,,,,,,,,,,,,,,,,8,6,4,,,,,,
,5,1000000,,,,,,,10,,,,,,,,,,,,,,,,4,,,,,6,,,,,,,,,,,,,,,,,,,,,,,,,,,,,,,,,,,,,,10,8,6,,,,,,
Amane Tsukuyo,1,,,,,,,,,,,,,,,,,,,,,,,,,,,,,,,,,,,,,,,,,,,,,,,,,,,,,,,,,,,,,,,,,,,,,,,,,,,
,2,,,,,,,,,,,,,,,,,,,,,,,,,,,,,,,,,,,,,,,,,,,,,,,,,,,,,,,,,,,,,,,,,,,,,,,,,,,
,3,,,,,,,,,,,,,,,,,,,,,,,,,,,,,,,,,,,,,,,,,,,,,,,,,,,,,,,,,,,,,,,,,,,,,,,,,,,
,4,1000000,3,,,,,,12,,,,,,,,,8,,,,,,,,6,,,,,,,,,,,,,,,,,,,,,,,,,,,,,,,,,,,,,,,,,,,,,,12,6,,,
,5,,3,,,,,,15,,,,,,,,,,,,,,,,,8,,,,10,,,,,,,,,,,,,,,,,,,,,,,,,,,,,,,,,,,,,,,,,,15,10,,,
,2,10000,,5,,,,,,,,,,,,,,3,,,,,,,,1,,,,,,,,,,,,,,,,,,,,,,,,,,,,,,,,,,,,,,,,,,,,,,,,5,3,1
,3,100000,,,7,,,,,,,,,,,,,5,,,,,,,,,,,3,,,,,,,,,,,,,,,,,,,,,,,,,,,,,,,,,,,,,,,,,,,,,7,5,3
,4,300000,,,,,,9,,,,,,,,,,7,,,,,,,,5,,,,,,,,,,,,,,,,,,,,,,,,,,,,,,,,,,,,,,,,,,,,,,,,9,7,5
,5,1000000,,,,,,,11,,,,,,,,,,,,,,,,,5,,7,,,,,,,,,,,,,,,,,,,,,,,,,,,,,,,,,,,,,,,,,,,,,,11,9,7
Amano Suzune,1,,,,,,,,,,,,,,,,,,,,,,,,,,,,,,,,,,,,,,,,,,,,,,,,,,,,,,,,,,,,,,,,,,,,,,,,,,,
,2,,,,,,,,,,,,,,,,,,,,,,,,,,,,,,,,,,,,,,,,,,,,,,,,,,,,,,,,,,,,,,,,,,,,,,,,,,,
,3,,,,,,,,,,,,,,,,,,,,,,,,,,,,,,,,,,,,,,,,,,,,,,,,,,,,,,,,,,,,,,,,,,,,,,,,,,,
,4,1000000,3,,12,,,,,,,,,,,,,,,,,,,,6,,,,8,,,,,,,,,,,,,,,,,,,12,6,,,,,,,,,,,,,,,,,,,,,,,,,,,
,5,,3,,,,,,,,15,,,,,,,,,,,,,,,10,,,,8,,,,,,,,,,,,,,,,,,15,10,,,,,,,,,,,,,,,,,,,,,,,,,,,
,2,10000,,,,,,5,,,,,,,,3,,,,,,,,,,1,,,,,,,,,,,,,,,,,,,,,,,,5,3,1,,,,,,,,,,,,,,,,,,,,,,,,
,3,100000,,,,,,,,,7,,,,,,,,5,,,,,,,,,,3,,,,,,,,,,,,,,,,,,,,,7,5,3,,,,,,,,,,,,,,,,,,,,,,,,
,4,300000,,,,9,,,,,,,,,,,,7,,,,,,5,,,,,,,,,,,,,,,,,,,,,,,,,,9,7,5,,,,,,,,,,,,,,,,,,,,,,,,
,5,1000000,,,,,,,,,11,,,,,,,,5,,,,,,,,,,,,7,,,,,,,,,,,,,,,,,,,11,9,7,,,,,,,,,,,,,,,,,,,,,,,,
Ami Ria,1,,,,,,,,,,,,,,,,,,,,,,,,,,,,,,,,,,,,,,,,,,,,,,,,,,,,,,,,,,,,,,,,,,,,,,,,,,,
,2,,,,,,,,,,,,,,,,,,,,,,,,,,,,,,,,,,,,,,,,,,,,,,,,,,,,,,,,,,,,,,,,,,,,,,,,,,,
,3,300000,2,8,,,,,,,,,,,,,,,,,,,,,,,,,,3,,,,,,,,,,,,,,,,,,,,,,,,,,,,,,,,,,,,,,,,,9,7,4,,,
,4,,3,,,12,,,,,,,,,,8,,,,,,,,,,,,6,,,,,,,,,,,,,,,,,,,,,,,,,,,,,,,,,,,,,,,,,,,,12,6,,,
,5,,,,,,,,,,,,,,,,,,,,,,,,,,,,,,,,,,,,,,,,,,,,,,,,,,,,,,,,,,,,,,,,,,,,,,,,,,,
,2,10000,,4,,,,,,,,,,,,,,,2,,,,,,,,,,,,,,,,,,,,,,,,,,,,,,,,,,,,,,,,,,,,,,,,,,,,,,,4,2,
,3,100000,,,,6,,,,,,,,,,,,,4,,,,,,,,2,,,,,,,,,,,,,,,,,,,,,,,,,,,,,,,,,,,,,,,,,,,,,,,6,4,2
,4,300000,,,,,,8,,,,,,,,,,,6,,,,,,,,4,,,,,,,,,,,,,,,,,,,,,,,,,,,,,,,,,,,,,,,,,,,,,,,8,6,4
,5,1000000,,,10,,,,,,,,,,,,,,,,,,,,,,4,,,6,,,,,,,,,,,,,,,,,,,,,,,,,,,,,,,,,,,,,,,,,,,,10,8,6
Anna Meru,1,,,,,,,,,,,,,,,,,,,,,,,,,,,,,,,,,,,,,,,,,,,,,,,,,,,,,,,,,,,,,,,,,,,,,,,,,,,
,2,,,,,,,,,,,,,,,,,,,,,,,,,,,,,,,,,,,,,,,,,,,,,,,,,,,,,,,,,,,,,,,,,,,,,,,,,,,
,3,300000,2,,,,,,8,,,,,,,,,,,,,,,,3,,,,,,,,,,,,,,,,,,,,,,,,,,,,,,,,,,9,7,4,,,,,,,,,,,,,,,
,4,,3,,,,,12,,,,,,,,,8,,,,,,,,6,,,,,,,,,,,,,,,,,,,,,,,,,,,,,,,,,,,12,6,,,,,,,,,,,,,,,
,5,,,,,,,,,,,,,,,,,,,,,,,,,,,,,,,,,,,,,,,,,,,,,,,,,,,,,,,,,,,,,,,,,,,,,,,,,,,
,2,10000,,4,,,,,,,,,,,,,2,,,,,,,,,,,,,,,,,,,,,,,,,,,,,,,,,,,,,,,,,,,,,4,2,,,,,,,,,,,,,
,3,100000,,,,6,,,,,,,,,,,4,,,,,,,,2,,,,,,,,,,,,,,,,,,,,,,,,,,,,,,,,,,,,,6,4,2,,,,,,,,,,,,
,4,300000,,,,,,8,,,,,,,,,6,,,,,,,,4,,,,,,,,,,,,,,,,,,,,,,,,,,,,,,,,,,,,,8,6,4,,,,,,,,,,,,
,5,1000000,,,10,,,,,,,,,,,,,,,,,,,,4,,,,,6,,,,,,,,,,,,,,,,,,,,,,,,,,,,,,,,10,8,6,,,,,,,,,,,,
Awane Kokoro,1,,,,,,,,,,,,,,,,,,,,,,,,,,,,,,,,,,,,,,,,,,,,,,,,,,,,,,,,,,,,,,,,,,,,,,,,,,,
,2,,,,,,,,,,,,,,,,,,,,,,,,,,,,,,,,,,,,,,,,,,,,,,,,,,,,,,,,,,,,,,,,,,,,,,,,,,,
,3,,,,,,,,,,,,,,,,,,,,,,,,,,,,,,,,,,,,,,,,,,,,,,,,,,,,,,,,,,,,,,,,,,,,,,,,,,,
,4,1000000,3,,12,,,,,,,,,,,,,,,,,,,,6,,,,8,,,,,,,,,,,,,,,,,,,,,,,,,,,,,,,,,,,,,12,6,,,,,,,,,
,5,,3,,,,,,,,,,,,,,15,,,,,,,,10,,,8,,,,,,,,,,,,,,,,,,,,,,,,,,,,,,,,,,,,,,15,10,,,,,,,,,
,2,10000,,5,,,,,,,,,,,,,3,,,,,,,,1,,,,,,,,,,,,,,,,,,,,,,,,,,,,,,,,,,,,,,,,,,,5,3,1,,,,,,
,3,100000,,,7,,,,,,,,,,,,5,,,,,,,,,,,,3,,,,,,,,,,,,,,,,,,,,,,,,,,,,,,,,,,,,,,,7,5,3,,,,,,
,4,300000,,,,,,9,,,,,,,,,7,,,,,,,,5,,,,,,,,,,,,,,,,,,,,,,,,,,,,,,,,,,,,,,,,,,,9,7,5,,,,,,
,5,1000000,,,,,11,,,,,,,,,,,,,,,,,,5,,,7,,,,,,,,,,,,,,,,,,,,,,,,,,,,,,,,,,,,,,,,11,9,7,,,,,,
Ayano Rika,1,,,,,,,,,,,,,,,,,,,,,,,,,,,,,,,,,,,,,,,,,,,,,,,,,,,,,,,,,,,,,,,,,,,,,,,,,,,
,2,,,,,,,,,,,,,,,,,,,,,,,,,,,,,,,,,,,,,,,,,,,,,,,,,,,,,,,,,,,,,,,,,,,,,,,,,,,
,3,300000,2,,,8,,,,,,,,,,,,,,,,,3,,,,,,,,,,,,,,,,,,,,,,,,9,7,4,,,,,,,,,,,,,,,,,,,,,,,,,,,
,4,,3,,,,,12,,,,,,,8,,,,,,,,,,,,,,,6,,,,,,,,,,,,,,,,,,12,6,,,,,,,,,,,,,,,,,,,,,,,,,,,
,5,,,,,,,,,,,,,,,,,,,,,,,,,,,,,,,,,,,,,,,,,,,,,,,,,,,,,,,,,,,,,,,,,,,,,,,,,,,
,2,10000,,,,,4,,,,,,,,2,,,,,,,,,,,,,,,,,,,,,,,,,,,,,,,,,,,4,2,,,,,,,,,,,,,,,,,,,,,,,,,
,3,100000,,6,,,,,,,,,,,4,,,,,,,,2,,,,,,,,,,,,,,,,,,,,,,,,,,,6,4,2,,,,,,,,,,,,,,,,,,,,,,,,
,4,300000,,,,8,,,,,,,,,6,,,,,,,,,,,,,,4,,,,,,,,,,,,,,,,,,,,,8,6,4,,,,,,,,,,,,,,,,,,,,,,,,
,5,1000000,,,10,,,,,,,,,,,,,,,,,,4,,,,,6,,,,,,,,,,,,,,,,,,,,,,10,8,6,,,,,,,,,,,,,,,,,,,,,,,,
Azusa Mifuyu,1,,,,,,,,,,,,,,,,,,,,,,,,,,,,,,,,,,,,,,,,,,,,,,,,,,,,,,,,,,,,,,,,,,,,,,,,,,,
,2,,,,,,,,,,,,,,,,,,,,,,,,,,,,,,,,,,,,,,,,,,,,,,,,,,,,,,,,,,,,,,,,,,,,,,,,,,,
,3,,,,,,,,,,,,,,,,,,,,,,,,,,,,,,,,,,,,,,,,,,,,,,,,,,,,,,,,,,,,,,,,,,,,,,,,,,,
,4,1000000,3,,,,12,,,,,,,,,,,,,8,,,,,,,,,,,,6,,,,,,,,,,,,,,,,,,,,,,,,,,,,,,,,,,,,,,,,12,6,,,
,5,,3,,,,,,,15,,,,,,,,,,,,8,,,,,,,,,,,10,,,,,,,,,,,,,,,,,,,,,,,,,,,,,,,,,,,,,,,15,10,,,
,2,10000,,,,,,5,,,,,,,,3,,,,,,,,,,1,,,,,,,,,,,,,,,,,,,,,,,,,,,,,,,,,,,,,,,,,,,,,,,,5,3,1
,3,100000,,,,,,,,,7,,,,,,,,5,,,,,,,,,,3,,,,,,,,,,,,,,,,,,,,,,,,,,,,,,,,,,,,,,,,,,,,,7,5,3
,4,300000,,,,9,,,,,,,,,,,,7,,,,,,5,,,,,,,,,,,,,,,,,,,,,,,,,,,,,,,,,,,,,,,,,,,,,,,,,,9,7,5
,5,1000000,,,,,,,,,11,,,,,,,,5,,,,,,,,,,,,7,,,,,,,,,,,,,,,,,,,,,,,,,,,,,,,,,,,,,,,,,,,11,9,7
Chiaki Riko,1,,,,,,,,,,,,,,,,,,,,,,,,,,,,,,,,,,,,,,,,,,,,,,,,,,,,,,,,,,,,,,,,,,,,,,,,,,,
,2,,,,,,,,,,,,,,,,,,,,,,,,,,,,,,,,,,,,,,,,,,,,,,,,,,,,,,,,,,,,,,,,,,,,,,,,,,,
,3,,,,,,,,,,,,,,,,,,,,,,,,,,,,,,,,,,,,,,,,,,,,,,,,,,,,,,,,,,,,,,,,,,,,,,,,,,,
,4,1000000,3,,,12,,,,,,,,,,,,8,,,,,,,,,,,,,,,,,6,,,,,,,,,,,,,,,,,,,,,,,,,,,,,,,12,6,,,,,,,,,
,5,,3,,,,,,,,,,,,,,,,,,15,10,,,,,8,,,,,,,,,,,,,,,,,,,,,,,,,,,,,,,,,,,,,,,15,10,,,,,,,,,
,2,10000,,,,,,5,,,,,,,3,,,,,,,,,,,,,1,,,,,,,,,,,,,,,,,,,,,,,,,,,,,,,,,,,,,,,,5,3,1,,,,,,
,3,100000,,,,,,,,7,,,,,,,,,,,,5,,,,,,,,,,,3,,,,,,,,,,,,,,,,,,,,,,,,,,,,,,,,,,,7,5,3,,,,,,
,4,300000,,,,,,,,,,,9,,,,7,,,,,,,,,,,,,5,,,,,,,,,,,,,,,,,,,,,,,,,,,,,,,,,,,,,,9,7,5,,,,,,
,5,1000000,,,,,11,,,,,,,,,,,,,,5,,,,,,,,,,,,,,7,,,,,,,,,,,,,,,,,,,,,,,,,,,,,,,,,11,9,7,,,,,,
Chitose Yuma,1,,,,,,,,,,,,,,,,,,,,,,,,,,,,,,,,,,,,,,,,,,,,,,,,,,,,,,,,,,,,,,,,,,,,,,,,,,,
,2,,,,,,,,,,,,,,,,,,,,,,,,,,,,,,,,,,,,,,,,,,,,,,,,,,,,,,,,,,,,,,,,,,,,,,,,,,,
,3,300000,2,,8,,,,,,,,,,,,,,,,,,,3,,,,,,,,,,,,,,,,,,,,,,,,,,,,,,,,,,,9,7,4,,,,,,,,,,,,,,,
,4,,3,,,,12,,,,,,,,,8,,,,,,,,,,,,,6,,,,,,,,,,,,,,,,,,,,,,,,,,,,,,,12,6,,,,,,,,,,,,,,,
,5,,,,,,,,,,,,,,,,,,,,,,,,,,,,,,,,,,,,,,,,,,,,,,,,,,,,,,,,,,,,,,,,,,,,,,,,,,,
,2,10000,,,,,,4,,,,,,,2,,,,,,,,,,,,,,,,,,,,,,,,,,,,,,,,,,,,,,,,,,,,,,,4,2,,,,,,,,,,,,,
,3,100000,,,,,6,,,,,,,,,4,,,,,,,,,,,,2,,,,,,,,,,,,,,,,,,,,,,,,,,,,,,,,,,6,4,2,,,,,,,,,,,,
,4,300000,,,,8,,,,,,,,,6,,,,,,,,,,,,,,4,,,,,,,,,,,,,,,,,,,,,,,,,,,,,,,,,8,6,4,,,,,,,,,,,,
,5,1000000,,10,,,,,,,,,,,,,,,,,,,4,,,,,,,6,,,,,,,,,,,,,,,,,,,,,,,,,,,,,,,,10,8,6,,,,,,,,,,,,
Chun Meiyui,1,,,,,,,,,,,,,,,,,,,,,,,,,,,,,,,,,,,,,,,,,,,,,,,,,,,,,,,,,,,,,,,,,,,,,,,,,,,
,2,,,,,,,,,,,,,,,,,,,,,,,,,,,,,,,,,,,,,,,,,,,,,,,,,,,,,,,,,,,,,,,,,,,,,,,,,,,
,3,300000,2,,,,,8,,,,,,,,,,,,,,,,,,,,,3,,,,,,,,,,,,,,,,,,,,,,,,9,7,4,,,,,,,,,,,,,,,,,,,,,
,4,1000000,3,,12,,,,,,,,,,,8,,,,,,,,,,,,,,6,,,,,,,,,,,,,,,,,,,,,,,,12,6,,,,,,,,,,,,,,,,,,,,,
,5,,3,,,,,,,,,,,,,,,,,15,,8,,,,,,,,,,,,,,10,,,,,,,,,,,,,,,,,,15,10,,,,,,,,,,,,,,,,,,,,,
,2,10000,,4,,,,,,,,,,,,2,,,,,,,,,,,,,,,,,,,,,,,,,,,,,,,,,,,,,,,,4,2,,,,,,,,,,,,,,,,,,,
,3,100000,,,,6,,,,,,,,,,4,,,,,,,,2,,,,,,,,,,,,,,,,,,,,,,,,,,,,,,,,6,4,2,,,,,,,,,,,,,,,,,,
,4,300000,,,,,,8,,,,,,,,6,,,,,,,,4,,,,,,,,,,,,,,,,,,,,,,,,,,,,,,,,8,6,4,,,,,,,,,,,,,,,,,,
,5,1000000,,,10,,,,,,,,,,,,,,,,,,,4,,,,,,6,,,,,,,,,,,,,,,,,,,,,,,,,,10,8,6,,,,,,,,,,,,,,,,,,
Corbeau,1,,,,,,,,,,,,,,,,,,,,,,,,,,,,,,,,,,,,,,,,,,,,,,,,,,,,,,,,,,,,,,,,,,,,,,,,,,,
,2,,,,,,,,,,,,,,,,,,,,,,,,,,,,,,,,,,,,,,,,,,,,,,,,,,,,,,,,,,,,,,,,,,,,,,,,,,,
,3,300000,,,,,,,8,,,,,,3,,,,,,,,,,,,,,2,,,,,,,,,,,,,,,,,,,,,,,,,,,,,,,,,,,,,,,,,,9,7,4,,,
,4,,3,,,,,,,,,,,,,,,12,,,,,,,8,,,,,,,,,6,,,,,,,,,,,,,,,,,,,,,,,,,,,,,,,,,,,,,,12,6,,,
,5,,,,,,,,,,,,,,,,,,,,,,,,,,,,,,,,,,,,,,,,,,,,,,,,,,,,,,,,,,,,,,,,,,,,,,,,,,,
,2,10000,,,,,,5,,,,,,,,3,,,,,,,,,,1,,,,,,,,,,,,,,,,,,,,,,,,,,,,,,,,,,,,,,,,,,,,,,,,5,3,1
,3,100000,,,,,,,,,7,,,,,,,,5,,,,,,,,,,3,,,,,,,,,,,,,,,,,,,,,,,,,,,,,,,,,,,,,,,,,,,,,7,5,3
,4,300000,,,,9,,,,,,,,,,,,7,,,,,,5,,,,,,,,,,,,,,,,,,,,,,,,,,,,,,,,,,,,,,,,,,,,,,,,,,9,7,5
,5,1000000,,,,,,,,,11,,,,,,,,5,,,,,,,,,,,,7,,,,,,,,,,,,,,,,,,,,,,,,,,,,,,,,,,,,,,,,,,,11,9,7
Elisa Celjska,1,,,,,,,,,,,,,,,,,,,,,,,,,,,,,,,,,,,,,,,,,,,,,,,,,,,,,,,,,,,,,,,,,,,,,,,,,,,
,2,,,,,,,,,,,,,,,,,,,,,,,,,,,,,,,,,,,,,,,,,,,,,,,,,,,,,,,,,,,,,,,,,,,,,,,,,,,
,3,,,,,,,,,,,,,,,,,,,,,,,,,,,,,,,,,,,,,,,,,,,,,,,,,,,,,,,,,,,,,,,,,,,,,,,,,,,
,4,1000000,3,,,,,,,8,,,,,,,,12,,,,,,,,,,,,,6,,,,,,,,,,,,,,,,,12,6,,,,,,,,,,,,,,,,,,,,,,,,,,,
,5,,3,,,,,,,,,,15,,,,,,,,,,,,,10,,,,,,,8,,,,,,,,,,,,,,,15,10,,,,,,,,,,,,,,,,,,,,,,,,,,,
,2,10000,,5,,,,,,,,,,,,,,5,,,,,,,,1,,,,,,,,,,,,,,,,,,,,,,,,5,3,1,,,,,,,,,,,,,,,,,,,,,,,,
,3,100000,,,7,,,,,,,,,,,,,5,,,,,,,,,,,3,,,,,,,,,,,,,,,,,,,,,7,5,3,,,,,,,,,,,,,,,,,,,,,,,,
,4,300000,,,,,,9,,,,,,,,,,,7,,,,,,,5,,,,,,,,,,,,,,,,,,,,,,,,9,7,5,,,,,,,,,,,,,,,,,,,,,,,,
,5,1000000,,,,,,,11,,,,,,,,,,,,,,,,,5,,7,,,,,,,,,,,,,,,,,,,,,,11,9,7,,,,,,,,,,,,,,,,,,,,,,,,
Eri Aimi,1,,,,,,,,,,,,,,,,,,,,,,,,,,,,,,,,,,,,,,,,,,,,,,,,,,,,,,,,,,,,,,,,,,,,,,,,,,,
,2,,,,,,,,,,,,,,,,,,,,,,,,,,,,,,,,,,,,,,,,,,,,,,,,,,,,,,,,,,,,,,,,,,,,,,,,,,,
,3,300000,2,,,,,,8,,,,,,,,,,,,,,,,3,,,,,,,,,,,,,,,,,,,,,,9,7,4,,,,,,,,,,,,,,,,,,,,,,,,,,,
,4,,3,,,,,,12,,,,,,,,8,,,,,,,,6,,,,,,,,,,,,,,,,,,,,,,,12,6,,,,,,,,,,,,,,,,,,,,,,,,,,,
,5,,,,,,,,,,,,,,,,,,,,,,,,,,,,,,,,,,,,,,,,,,,,,,,,,,,,,,,,,,,,,,,,,,,,,,,,,,,
,2,10000,,,,,,,4,,,,,,,,2,,,,,,,,,,,,,,,,,,,,,,,,,,,,,,,,,4,2,,,,,,,,,,,,,,,,,,,,,,,,,
,3,100000,,,,6,,,,,,,,,,,4,,,,,,,,2,,,,,,,,,,,,,,,,,,,,,,,,,6,4,2,,,,,,,,,,,,,,,,,,,,,,,,
,4,300000,,,,,,,8,,,,,,,,6,,,,,,,,4,,,,,,,,,,,,,,,,,,,,,,,,,8,6,4,,,,,,,,,,,,,,,,,,,,,,,,
,5,1000000,,,10,,,,,,,,,,,,,,,,,,,,4,,,,,6,,,,,,,,,,,,,,,,,,,,10,8,6,,,,,,,,,,,,,,,,,,,,,,,,
Fate T. Harlaown,1,,,,,,,,,,,,,,,,,,,,,,,,,,,,,,,,,,,,,,,,,,,,,,,,,,,,,,,,,,,,,,,,,,,,,,,,,,,
,2,,,,,,,,,,,,,,,,,,,,,,,,,,,,,,,,,,,,,,,,,,,,,,,,,,,,,,,,,,,,,,,,,,,,,,,,,,,
,3,,,,,,,,,,,,,,,,,,,,,,,,,,,,,,,,,,,,,,,,,,,,,,,,,,,,,,,,,,,,,,,,,,,,,,,,,,,
,4,1000000,3,,,,,,,,,,,,,,,12,,,,,,,,,,,,,8,6,,,,,,,,,,,,,,,,,,,,,,,,,,,,,,,,,,12,6,,,,,,,,,
,5,,3,,,,,,,,,,,,,,,,15,,,,,,,10,,,,,,,,,8,,,,,,,,,,,,,,,,,,,,,,,,,,,,,,,15,10,,,,,,,,,
,2,10000,,,,,,5,,,,,,,,,,,3,,,,,,,1,,,,,,,,,,,,,,,,,,,,,,,,,,,,,,,,,,,,,,,,,,5,3,1,,,,,,
,3,100000,,7,,,,,,,,,,,,,,5,,,,,,,,,,,,,3,,,,,,,,,,,,,,,,,,,,,,,,,,,,,,,,,,,,,7,5,3,,,,,,
,4,300000,,,,,,,9,,,,,,,,,,,,7,,,,,,5,,,,,,,,,,,,,,,,,,,,,,,,,,,,,,,,,,,,,,,,,9,7,5,,,,,,
,5,1000000,,,,,,,,,,,11,,,,,,,,,,,,,7,5,,,,,,,,,,,,,,,,,,,,,,,,,,,,,,,,,,,,,,,,,11,9,7,,,,,,
Felicia-chan,1,,,,,,,,,,,,,,,,,,,,,,,,,,,,,,,,,,,,,,,,,,,,,,,,,,,,,,,,,,,,,,,,,,,,,,,,,,,
,2,,,,,,,,,,,,,,,,,,,,,,,,,,,,,,,,,,,,,,,,,,,,,,,,,,,,,,,,,,,,,,,,,,,,,,,,,,,
,3,300000,2,,,,,,8,,,,,,,,,,,,,,,,,,3,,,,,,,,,,,,,,,,,,,,,,,,,,,,,,,,,,,,,,,,,,,,9,7,4,,,
,4,,3,,12,,,,,,,,,,,,,,,,,,,,,,,,,,,6,,,,8,,,,,,,,,,,,,,,,,,,,,,,,,,,,,,,,,,,,12,6,,,
,5,,,,,,,,,,,,,,,,,,,,,,,,,,,,,,,,,,,,,,,,,,,,,,,,,,,,,,,,,,,,,,,,,,,,,,,,,,,
,2,10000,,,,,,,,5,,,,3,,,,,,,,,,,,1,,,,,,,,,,,,,,,,,,,,,,,,,,,,,,,,,,,,,,,,,,,,,,,,5,3,1
,3,100000,,,,,,,7,,,,,,,,5,,,,,,,,,,,,,,3,,,,,,,,,,,,,,,,,,,,,,,,,,,,,,,,,,,,,,,,,,,7,5,3
,4,300000,,,,,9,,,,,,,,,,,,,,7,,,,,,5,,,,,,,,,,,,,,,,,,,,,,,,,,,,,,,,,,,,,,,,,,,,,,,9,7,5
,5,1000000,,,,,,,,,,11,,,,,,,,5,,,,,,,,,,,,,,7,,,,,,,,,,,,,,,,,,,,,,,,,,,,,,,,,,,,,,,,11,9,7
Fumino Sayuki,1,,,,,,,,,,,,,,,,,,,,,,,,,,,,,,,,,,,,,,,,,,,,,,,,,,,,,,,,,,,,,,,,,,,,,,,,,,,
,2,,,,,,,,,,,,,,,,,,,,,,,,,,,,,,,,,,,,,,,,,,,,,,,,,,,,,,,,,,,,,,,,,,,,,,,,,,,
,3,,,,,,,,,,,,,,,,,,,,,,,,,,,,,,,,,,,,,,,,,,,,,,,,,,,,,,,,,,,,,,,,,,,,,,,,,,,
,4,1000000,3,,,,,,,12,,,,,,,8,,,,,,,,,,6,,,,,,,,,,,,,,,,,,,,,,,,,,,,,,,,,,,,,,,12,6,,,,,,,,,
,5,,3,,,,,,,,,,,,,,,,15,,,,,,,,,,,,,10,,,8,,,,,,,,,,,,,,,,,,,,,,,,,,,,,,,15,10,,,,,,,,,
,2,10000,,,5,,,,,,,,,,,,3,,,,,,1,,,,,,,,,,,,,,,,,,,,,,,,,,,,,,,,,,,,,,,,,,,,,5,3,1,,,,,,
,3,100000,,,,,,,7,,,,,,,,,,5,,,,,,,,,,3,,,,,,,,,,,,,,,,,,,,,,,,,,,,,,,,,,,,,,,7,5,3,,,,,,
,4,300000,,,,9,,,,,,,,,,,,,,7,,,,,5,,,,,,,,,,,,,,,,,,,,,,,,,,,,,,,,,,,,,,,,,,,9,7,5,,,,,,
,5,1000000,,,,,,,,,,11,,,,,,,5,,,,,,,,,,,,,,,,7,,,,,,,,,,,,,,,,,,,,,,,,,,,,,,,,,11,9,7,,,,,,
Futaba Sana,1,,,,,,,,,,,,,,,,,,,,,,,,,,,,,,,,,,,,,,,,,,,,,,,,,,,,,,,,,,,,,,,,,,,,,,,,,,,
,2,100000,,,,,,,5,,,,,,3,,,,,,,,,1,,,,,,,,,,,,,,,,,,,,,,,,,,,,,,,,,,,6,4,2,,,,,,,,,,,,,,,
,3,300000,2,,,,,,8,,,,,,,,,,,,,,,,,,,,3,,,,,,,,,,,,,,,,,,,,,,,,,,,,,,9,7,4,,,,,,,,,,,,,,,
,4,1000000,3,,12,,,,,,,,,,,8,,,,,,,,,,,,,,6,,,,,,,,,,,,,,,,,,,,,,,,,,,,,,12,6,,,,,,,,,,,,,,,
,5,,3,,,,,,,,,,,,,,,15,,,,,,,,10,,,,,,,,,,8,,,,,,,,,,,,,,,,,,,,,,,,15,10,,,,,,,,,,,,,,,
,2,10000,,,,,,,3,,,,,,,,,,,,,,,,,,,,,,,,,,,,,,,,,,,,,,,,,,,,,,,,,,,,,3,,,,,,,,,,,,,,
,3,100000,,,5,,,,,,,,,,3,,,,,,,,,,,,,,,,,,,,,,,,,,,,,,,,,,,,,,,,,,,,,,,5,3,,,,,,,,,,,,,
,4,300000,,,,,,,7,,,,,,,5,,,,,,,,,,,,3,,,,,,,,,,,,,,,,,,,,,,,,,,,,,,,,,,7,5,3,,,,,,,,,,,,
,5,1000000,,,,,9,,,,,,,,,,,,,,,,,3,,,,,5,,,,,,,,,,,,,,,,,,,,,,,,,,,,,,,,,9,7,5,,,,,,,,,,,,
Hachikuji Mayoi,1,,,,,,,,,,,,,,,,,,,,,,,,,,,,,,,,,,,,,,,,,,,,,,,,,,,,,,,,,,,,,,,,,,,,,,,,,,,
,2,,,,,,,,,,,,,,,,,,,,,,,,,,,,,,,,,,,,,,,,,,,,,,,,,,,,,,,,,,,,,,,,,,,,,,,,,,,
,3,,,,,,,,,,,,,,,,,,,,,,,,,,,,,,,,,,,,,,,,,,,,,,,,,,,,,,,,,,,,,,,,,,,,,,,,,,,
,4,1000000,3,,12,,,,,,,,,,,,8,,,,,,,6,,,,,,,,,,,,,,,,,,,,,,,,,,,,,,12,6,,,,,,,,,,,,,,,,,,,,,
,5,,3,,,,,,,,,,,,15,,,,,,,,,,,,10,,,,,8,,,,,,,,,,,,,,,,,,,,,,15,10,,,,,,,,,,,,,,,,,,,,,
,2,10000,,,,,,5,,,,,,,,3,,,,,,,,,,,,1,,,,,,,,,,,,,,,,,,,,,,,,,,,,5,3,1,,,,,,,,,,,,,,,,,,
,3,100000,,,,,7,,,,,,,,5,,,,,,,,,,,,3,,,,,,,,,,,,,,,,,,,,,,,,,,,,,7,5,3,,,,,,,,,,,,,,,,,,
,4,300000,,,,,,,9,,,,,,,,,,,7,,,,,,,,,,5,,,,,,,,,,,,,,,,,,,,,,,,,,9,7,5,,,,,,,,,,,,,,,,,,
,5,1000000,,11,,,,,,,,,,,,,,,,,,,,,5,,,,7,,,,,,,,,,,,,,,,,,,,,,,,,,,11,9,7,,,,,,,,,,,,,,,,,,
Hanekawa Tsubasa,1,,,,,,,,,,,,,,,,,,,,,,,,,,,,,,,,,,,,,,,,,,,,,,,,,,,,,,,,,,,,,,,,,,,,,,,,,,,
,2,,,,,,,,,,,,,,,,,,,,,,,,,,,,,,,,,,,,,,,,,,,,,,,,,,,,,,,,,,,,,,,,,,,,,,,,,,,
,3,,,,,,,,,,,,,,,,,,,,,,,,,,,,,,,,,,,,,,,,,,,,,,,,,,,,,,,,,,,,,,,,,,,,,,,,,,,
,4,1000000,3,,,,,12,,,,,,,,,,8,,,,,,,,,,,6,,,,,,,,,,,,,,,,,,,12,6,,,,,,,,,,,,,,,,,,,,,,,,,,,
,5,,3,,,,,,,,,,,,,,,,15,,,,,,,,,8,,,10,,,,,,,,,,,,,,,,,15,10,,,,,,,,,,,,,,,,,,,,,,,,,,,
,2,10000,,5,,,,,,,,,,,,,3,,,,,,,,,,,,,1,,,,,,,,,,,,,,,,,,,,5,3,1,,,,,,,,,,,,,,,,,,,,,,,,
,3,100000,,,7,,,,,,,,,,,5,,,,,,,,,,,,,3,,,,,,,,,,,,,,,,,,,,,7,5,3,,,,,,,,,,,,,,,,,,,,,,,,
,4,300000,,,,,,9,,,,,,,,7,,,,,,,,5,,,,,,,,,,,,,,,,,,,,,,,,,,9,7,5,,,,,,,,,,,,,,,,,,,,,,,,
,5,1000000,,,,,,,,11,,,,,,,,,,,,,,,,,,,,,7,,,,5,,,,,,,,,,,,,,,11,9,7,,,,,,,,,,,,,,,,,,,,,,,,
Haruna Konomi,1,,,,,,,,,,,,,,,,,,,,,,,,,,,,,,,,,,,,,,,,,,,,,,,,,,,,,,,,,,,,,,,,,,,,,,,,,,,
,2,100000,,,,,,5,,,,,,,,3,,,,,,,,1,,,,,,,,,,,,,,,,,,,,,,,,,,,,,,,,,,,6,4,2,,,,,,,,,,,,,,,
,3,300000,2,,8,,,,,,,,,,,,,,,,,,,3,,,,,,,,,,,,,,,,,,,,,,,,,,,,,,,,,,,9,7,4,,,,,,,,,,,,,,,
,4,,3,,,,12,,,,,,,,,8,,,,,,,,,,,,,6,,,,,,,,,,,,,,,,,,,,,,,,,,,,,,,12,6,,,,,,,,,,,,,,,
,5,,,,,,,,,,,,,,,,,,,,,,,,,,,,,,,,,,,,,,,,,,,,,,,,,,,,,,,,,,,,,,,,,,,,,,,,,,,
,2,10000,,,,,3,,,,,,,,,,,,,,,,,,,,,,,,,,,,,,,,,,,,,,,,,,,,,,,,,,,,,,,3,,,,,,,,,,,,,,
,3,100000,,5,,,,,,,,,,,,3,,,,,,,,,,,,,,,,,,,,,,,,,,,,,,,,,,,,,,,,,,,,,,5,3,,,,,,,,,,,,,
,4,300000,,,,7,,,,,,,,,,5,,,,,,,,3,,,,,,,,,,,,,,,,,,,,,,,,,,,,,,,,,,,,,,7,5,3,,,,,,,,,,,,
,5,1000000,,,9,,,,,,,,,,,,,,,,,,,3,,,,,5,,,,,,,,,,,,,,,,,,,,,,,,,,,,,,,,,9,7,5,,,,,,,,,,,,
Hiiragi Nemu,1,,,,,,,,,,,,,,,,,,,,,,,,,,,,,,,,,,,,,,,,,,,,,,,,,,,,,,,,,,,,,,,,,,,,,,,,,,,
,2,,,,,,,,,,,,,,,,,,,,,,,,,,,,,,,,,,,,,,,,,,,,,,,,,,,,,,,,,,,,,,,,,,,,,,,,,,,
,3,,,,,,,,,,,,,,,,,,,,,,,,,,,,,,,,,,,,,,,,,,,,,,,,,,,,,,,,,,,,,,,,,,,,,,,,,,,
,4,1000000,3,,,,12,,,,,,,,,,,8,,,,,,,,6,,,,,,,,,,,,,,,,,,,,,,,,,,,,,,,,,,12,6,,,,,,,,,,,,,,,
,5,,3,,,,,,,,,,,,,,,,,15,,,,,,,,,,,,,10,,,8,,,,,,,,,,,,,,,,,,,,,,,,15,10,,,,,,,,,,,,,,,
,2,10000,,,5,,,,,,,,,,,,,3,,,,,,,1,,,,,,,,,,,,,,,,,,,,,,,,,,,,,,,,,,,,,5,3,1,,,,,,,,,,,,
,3,100000,,,,,,,,,,,,,,,,,,7,,,,,,,,,3,,,,5,,,,,,,,,,,,,,,,,,,,,,,,,,,,,7,5,3,,,,,,,,,,,,
,4,300000,,,,,,,,,,,9,,,,,7,,,,,,,,,,,,,,,,,,5,,,,,,,,,,,,,,,,,,,,,,,,,,9,7,5,,,,,,,,,,,,
,5,1000000,,,,,,,,,11,,,,,,,,,,,,,,5,,,,,,,,,7,,,,,,,,,,,,,,,,,,,,,,,,,,,,11,9,7,,,,,,,,,,,,
Hiroe Chiharu,1,,,,,,,,,,,,,,,,,,,,,,,,,,,,,,,,,,,,,,,,,,,,,,,,,,,,,,,,,,,,,,,,,,,,,,,,,,,
,2,,,,,,,,,,,,,,,,,,,,,,,,,,,,,,,,,,,,,,,,,,,,,,,,,,,,,,,,,,,,,,,,,,,,,,,,,,,
,3,,,,,,,,,,,,,,,,,,,,,,,,,,,,,,,,,,,,,,,,,,,,,,,,,,,,,,,,,,,,,,,,,,,,,,,,,,,
,4,1000000,3,,,,,,12,,,,8,,,,,,,,,6,,,,,,,,,,,,,,,,,,,,,,,,,,,,,,,,,,,,,,12,6,,,,,,,,,,,,,,,
,5,,3,,,,,,,,,,,15,,,,,,,,,,,,,,,,,10,,,,,8,,,,,,,,,,,,,,,,,,,,,,,,15,10,,,,,,,,,,,,,,,
,2,10000,,,,,,,,,,,5,3,,,,,,,,,,,,,,,,,1,,,,,,,,,,,,,,,,,,,,,,,,,,,,,,,5,3,1,,,,,,,,,,,,
,3,100000,,,,,,,7,,,,,,,,,,5,,,3,,,,,,,,,,,,,,,,,,,,,,,,,,,,,,,,,,,,,,,,7,5,3,,,,,,,,,,,,
,4,300000,,,,,,9,,,,,,7,,,,,,,,,,,,5,,,,,,,,,,,,,,,,,,,,,,,,,,,,,,,,,,,,9,7,5,,,,,,,,,,,,
,5,1000000,,11,,,,,,,,,,,,,,,,,5,,,,,,,,,,7,,,,,,,,,,,,,,,,,,,,,,,,,,,,,,,11,9,7,,,,,,,,,,,,
Holy Alina,1,,,,,,,,,,,,,,,,,,,,,,,,,,,,,,,,,,,,,,,,,,,,,,,,,,,,,,,,,,,,,,,,,,,,,,,,,,,
,2,,,,,,,,,,,,,,,,,,,,,,,,,,,,,,,,,,,,,,,,,,,,,,,,,,,,,,,,,,,,,,,,,,,,,,,,,,,
,3,,,,,,,,,,,,,,,,,,,,,,,,,,,,,,,,,,,,,,,,,,,,,,,,,,,,,,,,,,,,,,,,,,,,,,,,,,,
,4,1000000,3,,,,,,,,12,,,,,,,,,,,,,,,6,,,,,,8,,,,,,,,,,,,,,,,,,,,,,,,,,,,12,6,,,,,,,,,,,,,,,
,5,,3,,,,,,,,,,,,,,,,,15,,,,,,,10,,,,,,,,8,,,,,,,,,,,,,,,,,,,,,,,,,15,10,,,,,,,,,,,,,,,
,2,10000,,,,5,,,,,,,,,,,,,3,,,,,,,,1,,,,,,,,,,,,,,,,,,,,,,,,,,,,,,,,,,,5,3,1,,,,,,,,,,,,
,3,100000,,,7,,,,,,,,,,,,5,,,,,,,,,,,,,,,3,,,,,,,,,,,,,,,,,,,,,,,,,,,,,,7,5,3,,,,,,,,,,,,
,4,300000,,,,,,,,,9,,,,,,,,7,,,,,,,,,,,,,,5,,,,,,,,,,,,,,,,,,,,,,,,,,,,,9,7,5,,,,,,,,,,,,
,5,1000000,,,,,,,,,,,,,,,,11,,,,,,,,,,,,,,,5,7,,,,,,,,,,,,,,,,,,,,,,,,,,,,11,9,7,,,,,,,,,,,,
Holy Mami,1,,,,,,,,,,,,,,,,,,,,,,,,,,,,,,,,,,,,,,,,,,,,,,,,,,,,,,,,,,,,,,,,,,,,,,,,,,,
,2,,,,,,,,,,,,,,,,,,,,,,,,,,,,,,,,,,,,,,,,,,,,,,,,,,,,,,,,,,,,,,,,,,,,,,,,,,,
,3,,,,,,,,,,,,,,,,,,,,,,,,,,,,,,,,,,,,,,,,,,,,,,,,,,,,,,,,,,,,,,,,,,,,,,,,,,,
,4,1000000,3,,,,,,,,,,,,,12,,,,,,,,,,6,,,8,,,,,,,,,,,,,,,,,,,,,,,,,,,,,,,12,6,,,,,,,,,,,,,,,
,5,,3,,,,,,15,,,,,,,,,,,,,,10,,,,,,,8,,,,,,,,,,,,,,,,,,,,,,,,,,,,,,15,10,,,,,,,,,,,,,,,
,2,10000,,,,,,,,,,,,,,5,,,,,,,1,,,,,,,3,,,,,,,,,,,,,,,,,,,,,,,,,,,,,,,,5,3,1,,,,,,,,,,,,
,3,100000,,,,,7,,,,,,,,,,,5,,,,,,,,3,,,,,,,,,,,,,,,,,,,,,,,,,,,,,,,,,,,,7,5,3,,,,,,,,,,,,
,4,300000,,,9,,,,,,,,,,,,7,,,,,,,,5,,,,,,,,,,,,,,,,,,,,,,,,,,,,,,,,,,,,,9,7,5,,,,,,,,,,,,
,5,1000000,,,,,,,11,,,,,,,,,,,,,,,,,5,,7,,,,,,,,,,,,,,,,,,,,,,,,,,,,,,,,,,11,9,7,,,,,,,,,,,,
Hozumi Shizuku,1,,,,,,,,,,,,,,,,,,,,,,,,,,,,,,,,,,,,,,,,,,,,,,,,,,,,,,,,,,,,,,,,,,,,,,,,,,,
,2,100000,,,5,,,,,,,,,,,3,,,,,,,,1,,,,,,,,,,,,,,,,,,,,,,,,,,,,,,,,,,,,,,,,,6,4,2,,,,,,,,,
,3,300000,2,,,,8,,,,,,,,,,,,,,,,,,,,,3,,,,,,,,,,,,,,,,,,,,,,,,,,,,,,,,,,,,,9,7,4,,,,,,,,,
,4,,3,12,,,,,,,,,,,,8,,,,,,,,,,,,,6,,,,,,,,,,,,,,,,,,,,,,,,,,,,,,,,,,,,,12,6,,,,,,,,,
,5,,,,,,,,,,,,,,,,,,,,,,,,,,,,,,,,,,,,,,,,,,,,,,,,,,,,,,,,,,,,,,,,,,,,,,,,,,,
,2,10000,,,,,3,,,,,,,,,,,,,,,,,,,,,,,,,,,,,,,,,,,,,,,,,,,,,,,,,,,,,,,,,,,,,3,,,,,,,,
,3,100000,,5,,,,,,,,,,,,3,,,,,,,,,,,,,,,,,,,,,,,,,,,,,,,,,,,,,,,,,,,,,,,,,,,,5,3,,,,,,,
,4,300000,,,,7,,,,,,,,,,5,,,,,,,,3,,,,,,,,,,,,,,,,,,,,,,,,,,,,,,,,,,,,,,,,,,,,7,5,3,,,,,,
,5,1000000,,,9,,,,,,,,,,,,,,,,,,,3,,,,,5,,,,,,,,,,,,,,,,,,,,,,,,,,,,,,,,,,,,,,,9,7,5,,,,,,
Ibuki Reira,1,,,,,,,,,,,,,,,,,,,,,,,,,,,,,,,,,,,,,,,,,,,,,,,,,,,,,,,,,,,,,,,,,,,,,,,,,,,
,2,,,,,,,,,,,,,,,,,,,,,,,,,,,,,,,,,,,,,,,,,,,,,,,,,,,,,,,,,,,,,,,,,,,,,,,,,,,
,3,300000,2,,,,,,8,,,,,,,,,,,,,,,,,3,,,,,,,,,,,,,,,,,,,,,9,7,4,,,,,,,,,,,,,,,,,,,,,,,,,,,
,4,,3,,,,,,12,,,,,,,,,8,,,,,,,,6,,,,,,,,,,,,,,,,,,,,,,12,6,,,,,,,,,,,,,,,,,,,,,,,,,,,
,5,,,,,,,,,,,,,,,,,,,,,,,,,,,,,,,,,,,,,,,,,,,,,,,,,,,,,,,,,,,,,,,,,,,,,,,,,,,
,2,10000,,,4,,,,,,,,,,,,,2,,,,,,,,,,,,,,,,,,,,,,,,,,,,,,,,4,2,,,,,,,,,,,,,,,,,,,,,,,,,
,3,100000,,,,6,,,,,,,,,,,,4,,,,,,,,2,,,,,,,,,,,,,,,,,,,,,,,,6,4,2,,,,,,,,,,,,,,,,,,,,,,,,
,4,300000,,,,,,8,,,,,,,,,,6,,,,,,,,4,,,,,,,,,,,,,,,,,,,,,,,,8,6,4,,,,,,,,,,,,,,,,,,,,,,,,
,5,1000000,,,,,,,10,,,,,,,,,,,,,,,,,4,,,,6,,,,,,,,,,,,,,,,,,,,10,8,6,,,,,,,,,,,,,,,,,,,,,,,,
Iroha & Yachiyo (Final Battle ver.),1,,,,,,,,,,,,,,,,,,,,,,,,,,,,,,,,,,,,,,,,,,,,,,,,,,,,,,,,,,,,,,,,,,,,,,,,,,,
,2,,,,,,,,,,,,,,,,,,,,,,,,,,,,,,,,,,,,,,,,,,,,,,,,,,,,,,,,,,,,,,,,,,,,,,,,,,,
,3,,,,,,,,,,,,,,,,,,,,,,,,,,,,,,,,,,,,,,,,,,,,,,,,,,,,,,,,,,,,,,,,,,,,,,,,,,,
,4,1000000,3,12,,,,,,8,,,,,,,,,,,,6,,,,,,,,,,,,,,,,,,,,,,,,,,,,,,,,,,,,,,,,,,,,12,6,,,,,,,,,
,5,,3,,,,,,,,,,15,,,,,,,,,,,,,,10,,,,8,,,,,,,,,,,,,,,,,,,,,,,,,,,,,,,,,,,15,10,,,,,,,,,
,2,10000,,,,,,5,,,,,,,,,,,3,,,,,,,1,,,,,,,,,,,,,,,,,,,,,,,,,,,,,,,,,,,,,,,,,,5,3,1,,,,,,
,3,100000,,7,,,,,,5,,,,,,,,,,,,,,,,,3,,,,,,,,,,,,,,,,,,,,,,,,,,,,,,,,,,,,,,,,,7,5,3,,,,,,
,4,300000,,,,,,,9,,,,,,,,,,,,7,,,,,,,,5,,,,,,,,,,,,,,,,,,,,,,,,,,,,,,,,,,,,,,,9,7,5,,,,,,
,5,1000000,,,,,,,,,,,,,,,11,,,,,,,,,,7,,,,,,,,5,,,,,,,,,,,,,,,,,,,,,,,,,,,,,,,,,11,9,7,,,,,,
Iroha-chan,1,,,,,,,,,,,,,,,,,,,,,,,,,,,,,,,,,,,,,,,,,,,,,,,,,,,,,,,,,,,,,,,,,,,,,,,,,,,
,2,,,,,,,,,,,,,,,,,,,,,,,,,,,,,,,,,,,,,,,,,,,,,,,,,,,,,,,,,,,,,,,,,,,,,,,,,,,
,3,,,,,,,,,,,,,,,,,,,,,,,,,,,,,,,,,,,,,,,,,,,,,,,,,,,,,,,,,,,,,,,,,,,,,,,,,,,
,4,1000000,3,12,,,,,,8,,,,,,,,,,,,,,,,,,6,,,,,,,,,,,,,,,,,,,,,,,,,,,,,,,,,,,,,,12,6,,,,,,,,,
,5,,3,,,,,,,,,,,,,,,,,,15,,,,,10,,,,,,,,8,,,,,,,,,,,,,,,,,,,,,,,,,,,,,,,,15,10,,,,,,,,,
,2,10000,,5,,,,,,,,,,,,,3,,,,,,,1,,,,,,,,,,,,,,,,,,,,,,,,,,,,,,,,,,,,,,,,,,,,5,3,1,,,,,,
,3,100000,,,,,,,,,,,,7,,,,5,,,,,,,,,,,,,3,,,,,,,,,,,,,,,,,,,,,,,,,,,,,,,,,,,,,7,5,3,,,,,,
,4,300000,,,,,,,9,,,,,,,,,,7,,,,,,5,,,,,,,,,,,,,,,,,,,,,,,,,,,,,,,,,,,,,,,,,,,9,7,5,,,,,,
,5,1000000,,,,,,,,11,,,,,,,5,,,,,,,,,,,,,,,7,,,,,,,,,,,,,,,,,,,,,,,,,,,,,,,,,,,,11,9,7,,,,,,
Isuzu Ren,1,,,,,,,,,,,,,,,,,,,,,,,,,,,,,,,,,,,,,,,,,,,,,,,,,,,,,,,,,,,,,,,,,,,,,,,,,,,
,2,,,,,,,,,,,,,,,,,,,,,,,,,,,,,,,,,,,,,,,,,,,,,,,,,,,,,,,,,,,,,,,,,,,,,,,,,,,
,3,,,,,,,,,,,,,,,,,,,,,,,,,,,,,,,,,,,,,,,,,,,,,,,,,,,,,,,,,,,,,,,,,,,,,,,,,,,
,4,1000000,3,,,,,,,,,,,,,8,,,,,,,6,,,,,,6,,,,,,,,,,,,,,,,,,,,,,,,,,,,,,,,,,,,,,,,,,,12,6,,,
,5,,3,,,,,,,,,,,,,15,,,,,,,,10,,,,,8,,,,,,,,,,,,,,,,,,,,,,,,,,,,,,,,,,,,,,,,,,,15,10,,,
,2,10000,,5,,,,,,,,,,,,3,,,,,,,,1,,,,,,,,,,,,,,,,,,,,,,,,,,,,,,,,,,,,,,,,,,,,,,,,,,5,3,1
,3,100000,,,7,,,,,,,,,,,5,,,,,,,,,,,,,3,,,,,,,,,,,,,,,,,,,,,,,,,,,,,,,,,,,,,,,,,,,,,7,5,3
,4,300000,,,,,,9,,,,,,,,7,,,,,,,,5,,,,,,,,,,,,,,,,,,,,,,,,,,,,,,,,,,,,,,,,,,,,,,,,,,9,7,5
,5,1000000,,,,,11,,,,,,,,,,,,,,,,,5,,,,7,,,,,,,,,,,,,,,,,,,,,,,,,,,,,,,,,,,,,,,,,,,,,,11,9,7
Izumi Kanagi,1,,,,,,,,,,,,,,,,,,,,,,,,,,,,,,,,,,,,,,,,,,,,,,,,,,,,,,,,,,,,,,,,,,,,,,,,,,,
,2,,,,,,,,,,,,,,,,,,,,,,,,,,,,,,,,,,,,,,,,,,,,,,,,,,,,,,,,,,,,,,,,,,,,,,,,,,,
,3,,,,,,,,,,,,,,,,,,,,,,,,,,,,,,,,,,,,,,,,,,,,,,,,,,,,,,,,,,,,,,,,,,,,,,,,,,,
,4,1000000,3,12,,,,,,,,,,,,,,,,8,,,,,6,,,,,,,,,,,,,,,,,,,,,,,,,,,,,,,,,,,,,,,,,12,6,,,,,,,,,
,5,,3,,,,,,,,15,,,,,,,,,,,,,,,,,,,,,8,10,,,,,,,,,,,,,,,,,,,,,,,,,,,,,,,,,15,10,,,,,,,,,
,2,10000,,,5,,,,,,,,,,3,,,,,,,,,,1,,,,,,,,,,,,,,,,,,,,,,,,,,,,,,,,,,,,,,,,,,,5,3,1,,,,,,
,3,100000,,,,,,,,,,7,,,,,,,,,,5,,,,,,3,,,,,,,,,,,,,,,,,,,,,,,,,,,,,,,,,,,,,,,,7,5,3,,,,,,
,4,300000,,,,,9,,,,,,,,7,,,,,,,,,,,,,,,,,,5,,,,,,,,,,,,,,,,,,,,,,,,,,,,,,,,,,,9,7,5,,,,,,
,5,1000000,,,,,,,,,11,,,,,,,,,,,,,,5,,,,,,,,,7,,,,,,,,,,,,,,,,,,,,,,,,,,,,,,,,,,11,9,7,,,,,,
Kagami Masara,1,,,,,,,,,,,,,,,,,,,,,,,,,,,,,,,,,,,,,,,,,,,,,,,,,,,,,,,,,,,,,,,,,,,,,,,,,,,
,2,,,,,,,,,,,,,,,,,,,,,,,,,,,,,,,,,,,,,,,,,,,,,,,,,,,,,,,,,,,,,,,,,,,,,,,,,,,
,3,300000,2,,,,8,,,,,,,,,,,,,,,,,,,,,3,,,,,,,,,,,,,,,,,,,,,,,,,,,,,,,,,,,,,9,7,4,,,,,,,,,
,4,,3,12,,,,,,,,,,,8,,,,,,,,,,,,,,6,,,,,,,,,,,,,,,,,,,,,,,,,,,,,,,,,,,,,12,6,,,,,,,,,
,5,,,,,,,,,,,,,,,,,,,,,,,,,,,,,,,,,,,,,,,,,,,,,,,,,,,,,,,,,,,,,,,,,,,,,,,,,,,
,2,10000,,,,,4,,,,,,,,2,,,,,,,,,,,,,,,,,,,,,,,,,,,,,,,,,,,,,,,,,,,,,,,,,,,,,4,2,,,,,,,
,3,100000,,6,,,,,,,,,,,4,,,,,,,,2,,,,,,,,,,,,,,,,,,,,,,,,,,,,,,,,,,,,,,,,,,,,,6,4,2,,,,,,
,4,300000,,,,8,,,,,,,,,6,,,,,,,,,,,,,,4,,,,,,,,,,,,,,,,,,,,,,,,,,,,,,,,,,,,,,,8,6,4,,,,,,
,5,1000000,,,10,,,,,,,,,,,,,,,,,,4,,,,,6,,,,,,,,,,,,,,,,,,,,,,,,,,,,,,,,,,,,,,,,10,8,6,,,,,,
Kaname Madoka,1,,,,,,,,,,,,,,,,,,,,,,,,,,,,,,,,,,,,,,,,,,,,,,,,,,,,,,,,,,,,,,,,,,,,,,,,,,,
,2,,,,,,,,,,,,,,,,,,,,,,,,,,,,,,,,,,,,,,,,,,,,,,,,,,,,,,,,,,,,,,,,,,,,,,,,,,,
,3,,,,,,,,,,,,,,,,,,,,,,,,,,,,,,,,,,,,,,,,,,,,,,,,,,,,,,,,,,,,,,,,,,,,,,,,,,,
,4,1000000,3,,,12,,,,,,,,,8,,,,,,,,,,,,,6,,,,,,,,,,,,,,,,,,,,,,,,,,,,,,,,,,,,,,12,6,,,,,,,,,
,5,,3,,,,,,,,,,,,,15,,,,,,,,10,,,,,8,,,,,,,,,,,,,,,,,,,,,,,,,,,,,,,,,,,,,15,10,,,,,,,,,
,2,10000,,,,,,5,,,,,,,,3,,,,,,,,,,,,1,,,,,,,,,,,,,,,,,,,,,,,,,,,,,,,,,,,,,,,,5,3,1,,,,,,
,3,100000,,,,,7,,,,,,,,5,,,,,,,,,,,,,,3,,,,,,,,,,,,,,,,,,,,,,,,,,,,,,,,,,,,,,,7,5,3,,,,,,
,4,300000,,,,9,,,,,,,,,,7,,,,,,,,,,,,,,5,,,,,,,,,,,,,,,,,,,,,,,,,,,,,,,,,,,,,,9,7,5,,,,,,
,5,1000000,,11,,,,,,,,,,,,,,,,,,,,5,,,,,7,,,,,,,,,,,,,,,,,,,,,,,,,,,,,,,,,,,,,,,11,9,7,,,,,,
Kaname Madoka (Haregi ver.),1,,,,,,,,,,,,,,,,,,,,,,,,,,,,,,,,,,,,,,,,,,,,,,,,,,,,,,,,,,,,,,,,,,,,,,,,,,,
,2,,,,,,,,,,,,,,,,,,,,,,,,,,,,,,,,,,,,,,,,,,,,,,,,,,,,,,,,,,,,,,,,,,,,,,,,,,,
,3,,,,,,,,,,,,,,,,,,,,,,,,,,,,,,,,,,,,,,,,,,,,,,,,,,,,,,,,,,,,,,,,,,,,,,,,,,,
,4,1000000,3,,,,,,,12,,,,,,,,8,,,,,,,,,,,,6,,,,,,,,,,,,,,,,,,,,,,,,,,,,,,,,,,,,12,6,,,,,,,,,
,5,,3,,,,,,,15,,,,,,,,,,,,,,,,10,,8,,,,,,,,,,,,,,,,,,,,,,,,,,,,,,,,,,,,,,15,10,,,,,,,,,
,2,10000,,,,,,,,5,,,,,,,,,,,,,,,,,1,,,,,,,,,,,,,,,,,,,,,,,,,,,,,,,,,,,,,,,,,5,3,1,,,,,,
,3,100000,,,,,,,,7,,,,,,,,,,,,,,,,,,,3,,,,,,,,,,,,,,,,,,,,,,,,,,,,,,,,,,,,,,,7,5,3,,,,,,
,4,300000,,,,,,,,9,,,,,,,,,,,,,,,,,5,,,,,,,,,,,,,,,,,,,,,,,,,,,,,,,,,,,,,,,,,9,7,5,,,,,,
,5,1000000,,,,,,,,11,,,,,,,,,,,,,,,,,5,7,,,,,,,,,,,,,,,,,,,,,,,,,,,,,,,,,,,,,,,,11,9,7,,,,,,
Kanbaru Suruga,1,,,,,,,,,,,,,,,,,,,,,,,,,,,,,,,,,,,,,,,,,,,,,,,,,,,,,,,,,,,,,,,,,,,,,,,,,,,
,2,,,,,,,,,,,,,,,,,,,,,,,,,,,,,,,,,,,,,,,,,,,,,,,,,,,,,,,,,,,,,,,,,,,,,,,,,,,
,3,,,,,,,,,,,,,,,,,,,,,,,,,,,,,,,,,,,,,,,,,,,,,,,,,,,,,,,,,,,,,,,,,,,,,,,,,,,
,4,1000000,3,,12,,,,,,,,,,,,,,,,,,,,,,,,8,6,,,,,,,,,,,,,,,,,,12,6,,,,,,,,,,,,,,,,,,,,,,,,,,,
,5,,3,,,,,,,,15,,,,,,,,,,,,,,,10,,,,,,,,8,,,,,,,,,,,,,,15,10,,,,,,,,,,,,,,,,,,,,,,,,,,,
,2,10000,,,,,,5,,,,,,,,,3,,,,,,,,,1,,,,,,,,,,,,,,,,,,,,,,,,5,3,1,,,,,,,,,,,,,,,,,,,,,,,,
,3,100000,,,,,,,,,7,,,,,,,,5,,,3,,,,,,,,,,,,,,,,,,,,,,,,,,,,7,5,3,,,,,,,,,,,,,,,,,,,,,,,,
,4,300000,,,,9,,,,,,,,,,,,7,,,,,,5,,,,,,,,,,,,,,,,,,,,,,,,,,9,7,5,,,,,,,,,,,,,,,,,,,,,,,,
,5,1000000,,,,,,,,,11,,,,,,,,5,,,,,,,,,,,,7,,,,,,,,,,,,,,,,,,,11,9,7,,,,,,,,,,,,,,,,,,,,,,,,
Kazumi,1,,,,,,,,,,,,,,,,,,,,,,,,,,,,,,,,,,,,,,,,,,,,,,,,,,,,,,,,,,,,,,,,,,,,,,,,,,,
,2,,,,,,,,,,,,,,,,,,,,,,,,,,,,,,,,,,,,,,,,,,,,,,,,,,,,,,,,,,,,,,,,,,,,,,,,,,,
,3,,,,,,,,,,,,,,,,,,,,,,,,,,,,,,,,,,,,,,,,,,,,,,,,,,,,,,,,,,,,,,,,,,,,,,,,,,,
,4,1000000,3,12,,,,,,,,,,,,,,,,,,,,,6,,,8,,,,,,,,,,,,,,,,,,,,,,,,,,,,,,,,,,,,,,,,,,,,12,6,,,
,5,,3,,,,,,,,,,,,,,15,,,,,,,,10,,,,,8,,,,,,,,,,,,,,,,,,,,,,,,,,,,,,,,,,,,,,,,,,15,10,,,
,2,10000,,5,,,,,,,,,,,,,3,,,,,,,,1,,,,,,,,,,,,,,,,,,,,,,,,,,,,,,,,,,,,,,,,,,,,,,,,,5,3,1
,3,100000,,,7,,,,,,,,,,,,5,,,,,,,,,,,,3,,,,,,,,,,,,,,,,,,,,,,,,,,,,,,,,,,,,,,,,,,,,,7,5,3
,4,300000,,,,,,9,,,,,,,,,7,,,,,,,,5,,,,,,,,,,,,,,,,,,,,,,,,,,,,,,,,,,,,,,,,,,,,,,,,,9,7,5
,5,1000000,,,,,11,,,,,,,,,,,,,,,,,,5,,,7,,,,,,,,,,,,,,,,,,,,,,,,,,,,,,,,,,,,,,,,,,,,,,11,9,7
Kirari Hikaru,1,,,,,,,,,,,,,,,,,,,,,,,,,,,,,,,,,,,,,,,,,,,,,,,,,,,,,,,,,,,,,,,,,,,,,,,,,,,
,2,,,,,,,,,,,,,,,,,,,,,,,,,,,,,,,,,,,,,,,,,,,,,,,,,,,,,,,,,,,,,,,,,,,,,,,,,,,
,3,,,,,,,,,,,,,,,,,,,,,,,,,,,,,,,,,,,,,,,,,,,,,,,,,,,,,,,,,,,,,,,,,,,,,,,,,,,
,4,1000000,3,,,,,,,,,,12,,,,,8,,,,,,,6,,,,,,,,,,,,,,,,,,,,,,,,,,,,,,,,,,,,,,,,,12,6,,,,,,,,,
,5,,3,,,,,,,,15,,,,,,,,,,,,,,,,,,,,8,,10,,,,,,,,,,,,,,,,,,,,,,,,,,,,,,,,,15,10,,,,,,,,,
,2,10000,,,5,,,,,,,,,,,,,,,3,,,,,1,,,,,,,,,,,,,,,,,,,,,,,,,,,,,,,,,,,,,,,,,,,5,3,1,,,,,,
,3,100000,,,,,,,,7,,,,,,,,,,,,5,,,,,,,3,,,,,,,,,,,,,,,,,,,,,,,,,,,,,,,,,,,,,,,7,5,3,,,,,,
,4,300000,,,,,9,,,,,,,,7,,,,,,,,,,,,,,,,,,5,,,,,,,,,,,,,,,,,,,,,,,,,,,,,,,,,,,9,7,5,,,,,,
,5,1000000,,,,,,,,,,,11,,,,,,,,,,,,5,,,,,,,,,7,,,,,,,,,,,,,,,,,,,,,,,,,,,,,,,,,,11,9,7,,,,,,
Kisaki Emiri,1,,,,,,,,,,,,,,,,,,,,,,,,,,,,,,,,,,,,,,,,,,,,,,,,,,,,,,,,,,,,,,,,,,,,,,,,,,,
,2,100000,,5,,,,,,,,,,,,3,,,,,,,,1,,,,,,,,,,,,,,,,,,,,,,,,,,,,,,,,,,,,,,,,,,,,,,,6,4,2,,,
,3,300000,2,,,8,,,,,,,,,,,,,,,,,,3,,,,,,,,,,,,,,,,,,,,,,,,,,,,,,,,,,,,,,,,,,,,,,,9,7,4,,,
,4,,3,,,,,12,,,,,,,,8,,,,,,,,,,,,,,6,,,,,,,,,,,,,,,,,,,,,,,,,,,,,,,,,,,,,,,,,,12,6,,,
,5,,,,,,,,,,,,,,,,,,,,,,,,,,,,,,,,,,,,,,,,,,,,,,,,,,,,,,,,,,,,,,,,,,,,,,,,,,,
,2,10000,,,,,3,,,,,,,,,,,,,,,,,,,,,,,,,,,,,,,,,,,,,,,,,,,,,,,,,,,,,,,,,,,,,,,,,,,3,,
,3,100000,,5,,,,,,,,,,,,3,,,,,,,,,,,,,,,,,,,,,,,,,,,,,,,,,,,,,,,,,,,,,,,,,,,,,,,,,,5,3,
,4,300000,,,,7,,,,,,,,,,5,,,,,,,,3,,,,,,,,,,,,,,,,,,,,,,,,,,,,,,,,,,,,,,,,,,,,,,,,,,7,5,3
,5,1000000,,,9,,,,,,,,,,,,,,,,,,,3,,,,,5,,,,,,,,,,,,,,,,,,,,,,,,,,,,,,,,,,,,,,,,,,,,,9,7,5
Kozue Mayu,1,,,,,,,,,,,,,,,,,,,,,,,,,,,,,,,,,,,,,,,,,,,,,,,,,,,,,,,,,,,,,,,,,,,,,,,,,,,
,2,,,,,,,,,,,,,,,,,,,,,,,,,,,,,,,,,,,,,,,,,,,,,,,,,,,,,,,,,,,,,,,,,,,,,,,,,,,
,3,,,,,,,,,,,,,,,,,,,,,,,,,,,,,,,,,,,,,,,,,,,,,,,,,,,,,,,,,,,,,,,,,,,,,,,,,,,
,4,1000000,3,,,12,,,,,,,,,,8,,,,,,,,,,,,,,,6,,,,,,,,,,,,,,,,,,,,,,,12,6,,,,,,,,,,,,,,,,,,,,,
,5,,3,,,,,,15,,,,,,,,,,,,,,,,,,10,,8,,,,,,,,,,,,,,,,,,,,,,,,,15,10,,,,,,,,,,,,,,,,,,,,,
,2,10000,,,,,,5,,,,,,,,3,,,,,,,,,,1,,,,,,,,,,,,,,,,,,,,,,,,,,,,,,5,3,1,,,,,,,,,,,,,,,,,,
,3,100000,,,,,,,7,,,,,,,,,,5,,,,,,,,,,3,,,,,,,,,,,,,,,,,,,,,,,,,,,7,5,3,,,,,,,,,,,,,,,,,,
,4,300000,,,,9,,,,,,,,,,7,,,,,,,5,,,,,,,,,,,,,,,,,,,,,,,,,,,,,,,,,9,7,5,,,,,,,,,,,,,,,,,,
,5,1000000,,,,,,,11,,,,,,,,,,,,,,,5,,,,,,,7,,,,,,,,,,,,,,,,,,,,,,,,,11,9,7,,,,,,,,,,,,,,,,,,
Kumi Seika,1,,,,,,,,,,,,,,,,,,,,,,,,,,,,,,,,,,,,,,,,,,,,,,,,,,,,,,,,,,,,,,,,,,,,,,,,,,,
,2,100000,,5,,,,,,,,,,,,,,,3,,,,,,,,,,,,,,,,,,,,,,,1,,,,,,,,,,,6,4,2,,,,,,,,,,,,,,,,,,,,,
,3,300000,2,,,8,,,,,,,,,,,,,,,,,,,,,,,,,,,,,,,,,,,,6,,,,,,,,,,,9,7,4,,,,,,,,,,,,,,,,,,,,,
,4,,3,,,,,12,,,,,,,,,,,8,,,,,,,,6,,,,,,,,,,,,,,,,,,,,,,,,,,,12,6,,,,,,,,,,,,,,,,,,,,,
,5,,,,,,,,,,,,,,,,,,,,,,,,,,,,,,,,,,,,,,,,,,,,,,,,,,,,,,,,,,,,,,,,,,,,,,,,,,,
,2,10000,,4,,,,,,,,,,,,,,,,,,,,,,,,,,,,,,,,,,,,,,2,,,,,,,,,,,,,,4,2,,,,,,,,,,,,,,,,,,,
,3,100000,,,,6,,,,,,,,,,,,,4,,,,,,,,,,,,,,,,,,,,,,,4,,,,,,,,,,,,,,6,4,2,,,,,,,,,,,,,,,,,,
,4,300000,,,,,,8,,,,,,,,,,,6,,,,,,,,,,,,,,,,,,,,,,,7,,,,,,,,,,,,,,8,6,4,,,,,,,,,,,,,,,,,,
,5,1000000,,,10,,,,,,,,,,,,,,,,,,,,,,5,,,6,,,,,,,,,,,,,,,,,,,,,,,,,,10,8,6,,,,,,,,,,,,,,,,,,
Kure Kirika,1,,,,,,,,,,,,,,,,,,,,,,,,,,,,,,,,,,,,,,,,,,,,,,,,,,,,,,,,,,,,,,,,,,,,,,,,,,,
,2,,,,,,,,,,,,,,,,,,,,,,,,,,,,,,,,,,,,,,,,,,,,,,,,,,,,,,,,,,,,,,,,,,,,,,,,,,,
,3,,,,,,,,,,,,,,,,,,,,,,,,,,,,,,,,,,,,,,,,,,,,,,,,,,,,,,,,,,,,,,,,,,,,,,,,,,,
,4,1000000,3,,12,,,,,,,,,,,8,,,,,,,,,,,,,,6,,,,,,,,,,,,,,,,,,,,,,,,,,,,,,,,,,,,,,,,,,12,6,,,
,5,,3,,,,,,,,,,,,15,,,,,,,,10,,,,,8,,,,,,,,,,,,,,,,,,,,,,,,,,,,,,,,,,,,,,,,,,,,15,10,,,
,2,10000,,,,,,5,,,,,,,,3,,,,,,,,,,,,1,,,,,,,,,,,,,,,,,,,,,,,,,,,,,,,,,,,,,,,,,,,,,,5,3,1
,3,100000,,,,,7,,,,,,,,5,,,,,,,,,,,,,,3,,,,,,,,,,,,,,,,,,,,,,,,,,,,,,,,,,,,,,,,,,,,,7,5,3
,4,300000,,,,9,,,,,,,,,,7,,,,,,,,,,,,,,5,,,,,,,,,,,,,,,,,,,,,,,,,,,,,,,,,,,,,,,,,,,,9,7,5
,5,1000000,,11,,,,,,,,,,,,,,,,,,,,5,,,,,7,,,,,,,,,,,,,,,,,,,,,,,,,,,,,,,,,,,,,,,,,,,,,11,9,7
Kuro,1,,,,,,,,,,,,,,,,,,,,,,,,,,,,,,,,,,,,,,,,,,,,,,,,,,,,,,,,,,,,,,,,,,,,,,,,,,,
,2,,,2,,,,,,,,,,,,,,,,,,,,,,,,,,,,,,,,,,,,,,,,,,,,,,,,,,,,,,,,,,,,,,,,,,,2,,,,,
,3,,,,,,,,,,,,,,,,,,,,,,,,,,,,,,,,,,,,,,,,,,,,,,,,,,,,,,,,,,,,,,,,,,,,,,,,,,,
,4,,,,,,,,,,,,,,,,,,,,,,,,,,,,,,,,,,,,,,,,,,,,,,,,,,,,,,,,,,,,,,,,,,,,,,,,,,,
,5,,,,,,,,,,,,,,,,,,,,,,,,,,,,,,,,,,,,,,,,,,,,,,,,,,,,,,,,,,,,,,,,,,,,,,,,,,,
,2,10000,,2,,,,,,,,,,,,,,,,,,,,,,,,,,,,,,,,,,,,,,,,,,,,,,,,,,,,,,,,,,,,,,,,,,,,,,2,,
,3,100000,,,,4,,,,,,,,2,,,,,,,,,,,,,,,,,,,,,,,,,,,,,,,,,,,,,,,,,,,,,,,,,,,,,,,,,,,,4,2,
,4,300000,,,,,,6,,,,,,4,,,,,,,,2,,,,,,,,,,,,,,,,,,,,,,,,,,,,,,,,,,,,,,,,,,,,,,,,,,,,6,4,2
,5,1000000,,,8,,,,,,,,,,,,,,,,,2,,,,,,4,,,,,,,,,,,,,,,,,,,,,,,,,,,,,,,,,,,,,,,,,,,,,,8,6,4
Kurumi Manaka,1,,,,,,,,,,,,,,,,,,,,,,,,,,,,,,,,,,,,,,,,,,,,,,,,,,,,,,,,,,,,,,,,,,,,,,,,,,,
,2,100000,,,,,,5,,,,,,,3,,,,,,,,1,,,,,,,,,,,,,,,,,,,,,,,,6,4,2,,,,,,,,,,,,,,,,,,,,,,,,,,,
,3,300000,2,,8,,,,,,,,,,,,,,,,,,3,,,,,,,,,,,,,,,,,,,,,,,,9,7,4,,,,,,,,,,,,,,,,,,,,,,,,,,,
,4,,3,,,,12,,,,,,,,8,,,,,,,,,,,,,,6,,,,,,,,,,,,,,,,,,,12,6,,,,,,,,,,,,,,,,,,,,,,,,,,,
,5,,,,,,,,,,,,,,,,,,,,,,,,,,,,,,,,,,,,,,,,,,,,,,,,,,,,,,,,,,,,,,,,,,,,,,,,,,,
,2,10000,,,,,,3,,,,,,,,,,,,,,,,,,,,,,,,,,,,,,,,,,,,,,,,,,3,,,,,,,,,,,,,,,,,,,,,,,,,,
,3,100000,,,,,5,,,,,,,,3,,,,,,,,,,,,,,,,,,,,,,,,,,,,,,,,,,,5,3,,,,,,,,,,,,,,,,,,,,,,,,,
,4,300000,,,,7,,,,,,,,,5,,,,,,,,3,,,,,,,,,,,,,,,,,,,,,,,,,,,7,5,3,,,,,,,,,,,,,,,,,,,,,,,,
,5,1000000,,9,,,,,,,,,,,,,,,,,,,3,,,,,,,5,,,,,,,,,,,,,,,,,,,,9,7,5,,,,,,,,,,,,,,,,,,,,,,,,
Madoka-senpai,1,,,,,,,,,,,,,,,,,,,,,,,,,,,,,,,,,,,,,,,,,,,,,,,,,,,,,,,,,,,,,,,,,,,,,,,,,,,
,2,,,,,,,,,,,,,,,,,,,,,,,,,,,,,,,,,,,,,,,,,,,,,,,,,,,,,,,,,,,,,,,,,,,,,,,,,,,
,3,300000,2,,,8,,,,,,,,,,,,,,,,,,3,,,,,,,,,,,,,,,,,,,,,,,,,,,,,,,,,,,,,,,,,9,7,4,,,,,,,,,
,4,1000000,3,,,,,12,,,,,,,,8,,,,,,,,,,,,6,,,,,,,,,,,,,,,,,,,,,,,,,,,,,,,,,,,,,,12,6,,,,,,,,,
,5,,3,,,,,,,,,,,,,,,,,15,,,,8,,,,,,,,,10,,,,,,,,,,,,,,,,,,,,,,,,,,,,,,,,,15,10,,,,,,,,,
,2,10000,,,,,,4,,,,,,,2,,,,,,,,,,,,,,,,,,,,,,,,,,,,,,,,,,,,,,,,,,,,,,,,,,,,,4,2,,,,,,,
,3,100000,,,,,6,,,,,,,,,4,,,,,,,,,,,,2,,,,,,,,,,,,,,,,,,,,,,,,,,,,,,,,,,,,,,,,6,4,2,,,,,,
,4,300000,,,,8,,,,,,,,,6,,,,,,,,,,,,,,4,,,,,,,,,,,,,,,,,,,,,,,,,,,,,,,,,,,,,,,8,6,4,,,,,,
,5,1000000,,10,,,,,,,,,,,,,,,,,,,4,,,,,,,6,,,,,,,,,,,,,,,,,,,,,,,,,,,,,,,,,,,,,,10,8,6,,,,,,
Maki Kaoru,1,,,,,,,,,,,,,,,,,,,,,,,,,,,,,,,,,,,,,,,,,,,,,,,,,,,,,,,,,,,,,,,,,,,,,,,,,,,
,2,,,,,,,,,,,,,,,,,,,,,,,,,,,,,,,,,,,,,,,,,,,,,,,,,,,,,,,,,,,,,,,,,,,,,,,,,,,
,3,300000,2,,,8,,,,,,,,,,,,,,,,,,,3,,,,,,,,,,,,,,,,,,,,,,9,7,4,,,,,,,,,,,,,,,,,,,,,,,,,,,
,4,,3,,,,,12,,,,,,,,,8,,,,,,,,6,,,,,,,,,,,,,,,,,,,,,,,12,6,,,,,,,,,,,,,,,,,,,,,,,,,,,
,5,,,,,,,,,,,,,,,,,,,,,,,,,,,,,,,,,,,,,,,,,,,,,,,,,,,,,,,,,,,,,,,,,,,,,,,,,,,
,2,10000,,4,,,,,,,,,,,,,2,,,,,,,,,,,,,,,,,,,,,,,,,,,,,,,,,4,2,,,,,,,,,,,,,,,,,,,,,,,,,
,3,100000,,,,6,,,,,,,,,,,4,,,,,,,,2,,,,,,,,,,,,,,,,,,,,,,,,,6,4,2,,,,,,,,,,,,,,,,,,,,,,,,
,4,300000,,,,,,8,,,,,,,,,6,,,,,,,,4,,,,,,,,,,,,,,,,,,,,,,,,,8,6,4,,,,,,,,,,,,,,,,,,,,,,,,
,5,1000000,,,10,,,,,,,,,,,,,,,,,,,,4,,,,,6,,,,,,,,,,,,,,,,,,,,10,8,6,,,,,,,,,,,,,,,,,,,,,,,,
Makino Ikumi,1,,,,,,,,,,,,,,,,,,,,,,,,,,,,,,,,,,,,,,,,,,,,,,,,,,,,,,,,,,,,,,,,,,,,,,,,,,,
,2,,,,,,,,,,,,,,,,,,,,,,,,,,,,,,,,,,,,,,,,,,,,,,,,,,,,,,,,,,,,,,,,,,,,,,,,,,,
,3,,,,,,,,,,,,,,,,,,,,,,,,,,,,,,,,,,,,,,,,,,,,,,,,,,,,,,,,,,,,,,,,,,,,,,,,,,,
,4,1000000,3,,,,12,,,8,,,,,,,,,,,,,,,,,6,,,,,,,,,,,,,,,,,,,,,,,,,,,,,,,,,,,,,,,,,,,,,12,6,,,
,5,,3,,,,,,,,,,15,,,,,,,,,,,,,,,,,,,,,10,,8,,,,,,,,,,,,,,,,,,,,,,,,,,,,,,,,,,,,15,10,,,
,2,10000,,,5,,,,,,,,,,3,,,,,,,,,1,,,,,,,,,,,,,,,,,,,,,,,,,,,,,,,,,,,,,,,,,,,,,,,,,,5,3,1
,3,100000,,,,,,,,7,,,,,,,,,,,,5,,,,,,,,,,3,,,,,,,,,,,,,,,,,,,,,,,,,,,,,,,,,,,,,,,,,,7,5,3
,4,300000,,,,,9,,,,,,,,,,7,,,,,,,,,,,,,,,,5,,,,,,,,,,,,,,,,,,,,,,,,,,,,,,,,,,,,,,,,,9,7,5
,5,1000000,,,,,11,,,,,,,,,,,,,5,,,,,7,,,,,,,,,,,,,,,,,,,,,,,,,,,,,,,,,,,,,,,,,,,,,,,,,11,9,7
Mao Himika,1,,,,,,,,,,,,,,,,,,,,,,,,,,,,,,,,,,,,,,,,,,,,,,,,,,,,,,,,,,,,,,,,,,,,,,,,,,,
,2,,,,,,,,,,,,,,,,,,,,,,,,,,,,,,,,,,,,,,,,,,,,,,,,,,,,,,,,,,,,,,,,,,,,,,,,,,,
,3,,,,,,,,,,,,,,,,,,,,,,,,,,,,,,,,,,,,,,,,,,,,,,,,,,,,,,,,,,,,,,,,,,,,,,,,,,,
,4,1000000,3,,,,12,,,,,,,,,8,,,,,,,,,,,,,,6,,,,,,,,,,,,,,,,,,12,6,,,,,,,,,,,,,,,,,,,,,,,,,,,
,5,,3,,,,,,,,,,,,,15,,,,,,,,10,,,,8,,,,,,,,,,,,,,,,,,,,15,10,,,,,,,,,,,,,,,,,,,,,,,,,,,
,2,10000,,5,,,,,,,,,,,,3,,,,,,,,1,,,,,,,,,,,,,,,,,,,,,,,,,,5,3,1,,,,,,,,,,,,,,,,,,,,,,,,
,3,100000,,,7,,,,,,,,,,,5,,,,,,,,,,,,,3,,,,,,,,,,,,,,,,,,,,,7,5,3,,,,,,,,,,,,,,,,,,,,,,,,
,4,300000,,,,,,9,,,,,,,,7,,,,,,,,5,,,,,,,,,,,,,,,,,,,,,,,,,,9,7,5,,,,,,,,,,,,,,,,,,,,,,,,
,5,1000000,,,,,11,,,,,,,,,,,,,,,,,5,,,,7,,,,,,,,,,,,,,,,,,,,,,11,9,7,,,,,,,,,,,,,,,,,,,,,,,,
Mariko Ayaka,1,,,,,,,,,,,,,,,,,,,,,,,,,,,,,,,,,,,,,,,,,,,,,,,,,,,,,,,,,,,,,,,,,,,,,,,,,,,
,2,,,,,,,,,,,,,,,,,,,,,,,,,,,,,,,,,,,,,,,,,,,,,,,,,,,,,,,,,,,,,,,,,,,,,,,,,,,
,3,300000,2,,,,,8,,,,,,,,,,,,,,,,,,,,,3,,,,,,,,,,,,,,,,,,,,,,,,,,,,,,,,,,,,,,,,,,9,7,4,,,
,4,,3,,12,,,,,,,,,,8,,,,,,,,,,,,,,,6,,,,,,,,,,,,,,,,,,,,,,,,,,,,,,,,,,,,,,,,,,12,6,,,
,5,,,,,,,,,,,,,,,,,,,,,,,,,,,,,,,,,,,,,,,,,,,,,,,,,,,,,,,,,,,,,,,,,,,,,,,,,,,
,2,10000,,,,,4,,,,,,,,2,,,,,,,,,,,,,,,,,,,,,,,,,,,,,,,,,,,,,,,,,,,,,,,,,,,,,,,,,,,4,2,
,3,100000,,6,,,,,,,,,,,4,,,,,,,,,2,,,,,,,,,,,,,,,,,,,,,,,,,,,,,,,,,,,,,,,,,,,,,,,,,,6,4,2
,4,300000,,,,8,,,,,,,,,6,,,,,,,,,,,,,,4,,,,,,,,,,,,,,,,,,,,,,,,,,,,,,,,,,,,,,,,,,,,,8,6,4
,5,1000000,,,10,,,,,,,,,,,,,,,,,,4,,,,,6,,,,,,,,,,,,,,,,,,,,,,,,,,,,,,,,,,,,,,,,,,,,,,10,8,6
Melissa de Vignolles,1,,,,,,,,,,,,,,,,,,,,,,,,,,,,,,,,,,,,,,,,,,,,,,,,,,,,,,,,,,,,,,,,,,,,,,,,,,,
,2,,,,,,,,,,,,,,,,,,,,,,,,,,,,,,,,,,,,,,,,,,,,,,,,,,,,,,,,,,,,,,,,,,,,,,,,,,,
,3,300000,,,,,,,,,,,,,,,,,,,,,,,,,,,,,,,,,,,,,6,,,,,,,,,,,,,,,,,,,,,,,,,,,,,,,,,,,,,
,4,1000000,,,,,,,,,,,,,,,,,,,,,,,,,,,,,,,,,,,,,6,,,,,,,,,,,,,,,,,,,,,,,,,,,,,,,,,,,,,
,5,,,,,,,,,,,,,,,,,,,,,,,,,,,,,,,,,,,,,,6,,,,,,,,,,,,,,,,,,,,,,,,,,,,,,,,,,,,,
,2,10000,,,,,,,,,,,,,,,,,,,,,,,,,,,,,,,,,,,,,,1,,,,,,,,,,,,,,,,,,,,,,,,,,,,,,,,,,,,
,3,100000,,,,,,,,,,,,,,,,,,,,,,,,,,,,,,,,,,,,,,2,,,,,,,,,,,,,,,,,,,,,,,,,,,,,,,,,,,,
,4,300000,,,,,,,,,,,,,,,,,,,,,,,,,,,,,,,,,,,,,,3,,,,,,,,,,,,,,,,,,,,,,,,,,,,,,,,,,,,
,5,1000000,,,,,,,,,,,,,,,,,,,,,,,,,,,,,,,,,,,,,,5,,,,,,,,,,,,,,,,,,,,,,,,,,,,,,,,,,,,
Midori Ryou,1,,,,,,,,,,,,,,,,,,,,,,,,,,,,,,,,,,,,,,,,,,,,,,,,,,,,,,,,,,,,,,,,,,,,,,,,,,,
,2,,,,,,,,,,,,,,,,,,,,,,,,,,,,,,,,,,,,,,,,,,,,,,,,,,,,,,,,,,,,,,,,,,,,,,,,,,,
,3,300000,2,,,,,,8,,,,,,,,,,,,,,,,,3,,,,,,,,,,,,,,,,,,,,,9,7,4,,,,,,,,,,,,,,,,,,,,,,,,,,,
,4,,3,12,,,,,,,,,,,,,,8,,,,,,,,,,,,,,,6,,,,,,,,,,,,,,,12,6,,,,,,,,,,,,,,,,,,,,,,,,,,,
,5,,,,,,,,,,,,,,,,,,,,,,,,,,,,,,,,,,,,,,,,,,,,,,,,,,,,,,,,,,,,,,,,,,,,,,,,,,,
,2,10000,,,,,,,5,,,,,,,3,,,,,,,,,1,,,,,,,,,,,,,,,,,,,,,,,,,5,3,1,,,,,,,,,,,,,,,,,,,,,,,,
,3,100000,,,,,,,,,7,,,,,,,,,,,5,,,,,,,3,,,,,,,,,,,,,,,,,,,,,7,5,3,,,,,,,,,,,,,,,,,,,,,,,,
,4,300000,,,,,9,,,,,,,,7,,,,,,,,,,,,,,,,,,5,,,,,,,,,,,,,,,,,9,7,5,,,,,,,,,,,,,,,,,,,,,,,,
,5,1000000,,,,,,,,,11,,,,,,,,,,,,,,,7,,,,,,,,,5,,,,,,,,,,,,,,,11,9,7,,,,,,,,,,,,,,,,,,,,,,,,
Miki Sayaka,1,,,,,,,,,,,,,,,,,,,,,,,,,,,,,,,,,,,,,,,,,,,,,,,,,,,,,,,,,,,,,,,,,,,,,,,,,,,
,2,,,,,,,,,,,,,,,,,,,,,,,,,,,,,,,,,,,,,,,,,,,,,,,,,,,,,,,,,,,,,,,,,,,,,,,,,,,
,3,,,,,,,,,,,,,,,,,,,,,,,,,,,,,,,,,,,,,,,,,,,,,,,,,,,,,,,,,,,,,,,,,,,,,,,,,,,
,4,1000000,3,,,,,,,12,,,,,,,,,8,,,,,,,,6,,,,,,,,,,,,,,,,,,,,,,,,,,,12,6,,,,,,,,,,,,,,,,,,,,,
,5,,3,,,,,,,,,,,,,,,,15,,,,,,,,10,,,,8,,,,,,,,,,,,,,,,,,,,,,,15,10,,,,,,,,,,,,,,,,,,,,,
,2,10000,,5,,,,,,,,,,,,,,,3,,,,,,,,1,,,,,,,,,,,,,,,,,,,,,,,,,,,,,5,3,1,,,,,,,,,,,,,,,,,,
,3,100000,,,7,,,,,,,,,,,,,,5,,,,,,,,,,3,,,,,,,,,,,,,,,,,,,,,,,,,,,7,5,3,,,,,,,,,,,,,,,,,,
,4,300000,,,,,,9,,,,,,,,,,,7,,,,,,,,5,,,,,,,,,,,,,,,,,,,,,,,,,,,,,9,7,5,,,,,,,,,,,,,,,,,,
,5,1000000,,,,,11,,,,,,,,,,,,,,,,,,,,5,7,,,,,,,,,,,,,,,,,,,,,,,,,,,,11,9,7,,,,,,,,,,,,,,,,,,
Mikuni Oriko,1,,,,,,,,,,,,,,,,,,,,,,,,,,,,,,,,,,,,,,,,,,,,,,,,,,,,,,,,,,,,,,,,,,,,,,,,,,,
,2,,,,,,,,,,,,,,,,,,,,,,,,,,,,,,,,,,,,,,,,,,,,,,,,,,,,,,,,,,,,,,,,,,,,,,,,,,,
,3,300000,2,8,,,,,,,,,,,,,,,,,,,,,,,,,,3,,,,,,,,,,,,,,,,,,,,,,,,,,,,,,,,,,,9,7,4,,,,,,,,,
,4,1000000,3,,,12,,,,,,,,,8,,,,,,,,,,,,,6,,,,,,,,,,,,,,,,,,,,,,,,,,,,,,,,,,,,,,12,6,,,,,,,,,
,5,,3,,,,,,,,,,,,,,,15,,,,,,,,,,,,,,8,10,,,,,,,,,,,,,,,,,,,,,,,,,,,,,,,,,15,10,,,,,,,,,
,2,10000,,,,,,4,,,,,,,2,,,,,,,,,,,,,,,,,,,,,,,,,,,,,,,,,,,,,,,,,,,,,,,,,,,,,4,2,,,,,,,
,3,100000,,,,,6,,,,,,,,,4,,,,,,,,,,,,2,,,,,,,,,,,,,,,,,,,,,,,,,,,,,,,,,,,,,,,,6,4,2,,,,,,
,4,300000,,,,8,,,,,,,,,6,,,,,,,,,,,,,,4,,,,,,,,,,,,,,,,,,,,,,,,,,,,,,,,,,,,,,,8,6,4,,,,,,
,5,1000000,,10,,,,,,,,,,,,,,,,,,,4,,,,,,,6,,,,,,,,,,,,,,,,,,,,,,,,,,,,,,,,,,,,,,10,8,6,,,,,,
Mikuri Ayame,1,,,,,,,,,,,,,,,,,,,,,,,,,,,,,,,,,,,,,,,,,,,,,,,,,,,,,,,,,,,,,,,,,,,,,,,,,,,
,2,100000,,,,,,3,,,,,,,,,,,,,,,,,,,,1,,,,,,,,,,,,,4,,,,,,6,4,2,,,,,,,,,,,,,,,,,,,,,,,,,,,
,3,300000,2,,,,,,,,,,,,,,,,,,,,,,3,,,,,,,,,,,,,,,,5,,,,,,9,7,4,,,,,,,,,,,,,,,,,,,,,,,,,,,
,4,,3,,,,12,,,,,,,,,,8,,,,,,,,,,,,,6,,,,,,,,,,,,,,,,,,12,6,,,,,,,,,,,,,,,,,,,,,,,,,,,
,5,,,,,,,,,,,,,,,,,,,,,,,,,,,,,,,,,,,,,,,,,,,,,,,,,,,,,,,,,,,,,,,,,,,,,,,,,,,
,2,10000,,,,,,3,,,,,,,,,,,,,,,,,,,,,,,,,,,,,,,,,3,,,,,,,,,,,,,,,,,,,,,,,,,,,,,,,,,,,
,3,100000,,,,,5,,,,,,,,,,,,,,,,,,,,,,,,,,,,,,,,,,3,,,,,,,,,5,3,,,,,,,,,,,,,,,,,,,,,,,,,
,4,300000,,,,7,,,,,,,,,,,,,,,,,,3,,,,,,,,,,,,,,,,,5,,,,,,,,,7,5,3,,,,,,,,,,,,,,,,,,,,,,,,
,5,1000000,,9,,,,,,,,,,,,,,,,,,,5,3,,,,,,,,,,,,,,,,,,,,,,,,,,9,7,5,,,,,,,,,,,,,,,,,,,,,,,,
Minagi Sasara,1,,,,,,,,,,,,,,,,,,,,,,,,,,,,,,,,,,,,,,,,,,,,,,,,,,,,,,,,,,,,,,,,,,,,,,,,,,,
,2,100000,,,,5,,,,,,,,,,3,,,,,,,,1,,,,,,,,,,,,,,,,,,,,,,,6,4,2,,,,,,,,,,,,,,,,,,,,,,,,,,,
,3,300000,2,,,,,8,,,,,,,,,,,,,,,,,,,,,3,,,,,,,,,,,,,,,,,,9,7,4,,,,,,,,,,,,,,,,,,,,,,,,,,,
,4,,3,,12,,,,,,,,,,,8,,,,,,,,,,,,,,6,,,,,,,,,,,,,,,,,,12,6,,,,,,,,,,,,,,,,,,,,,,,,,,,
,5,,,,,,,,,,,,,,,,,,,,,,,,,,,,,,,,,,,,,,,,,,,,,,,,,,,,,,,,,,,,,,,,,,,,,,,,,,,
,2,10000,,,,,3,,,,,,,,,,,,,,,,,,,,,,,,,,,,,,,,,,,,,,,,,,,3,,,,,,,,,,,,,,,,,,,,,,,,,,
,3,100000,,5,,,,,,,,,,,,3,,,,,,,,,,,,,,,,,,,,,,,,,,,,,,,,,,5,3,,,,,,,,,,,,,,,,,,,,,,,,,
,4,300000,,,,7,,,,,,,,,,5,,,,,,,,3,,,,,,,,,,,,,,,,,,,,,,,,,,7,5,3,,,,,,,,,,,,,,,,,,,,,,,,
,5,1000000,,,9,,,,,,,,,,,,,,,,,,,3,,,,,5,,,,,,,,,,,,,,,,,,,,,9,7,5,,,,,,,,,,,,,,,,,,,,,,,,
Minami Rena,1,,,,,,,,,,,,,,,,,,,,,,,,,,,,,,,,,,,,,,,,,,,,,,,,,,,,,,,,,,,,,,,,,,,,,,,,,,,
,2,,,,,,,,,,,,,,,,,,,,,,,,,,,,,,,,,,,,,,,,,,,,,,,,,,,,,,,,,,,,,,,,,,,,,,,,,,,
,3,,,,,,,,,,,,,,,,,,,,,,,,,,,,,,,,,,,,,,,,,,,,,,,,,,,,,,,,,,,,,,,,,,,,,,,,,,,
,4,1000000,3,12,,,,,,,,,,,8,,,,,,,,,,,,,,6,,,,,,,,,,,,,,,,,,,,,,,,,12,6,,,,,,,,,,,,,,,,,,,,,
,5,,3,,,,,,,,,,,,15,,,,,,,,10,,,,,,,8,,,,,,,,,,,,,,,,,,,,,,,,15,10,,,,,,,,,,,,,,,,,,,,,
,2,10000,,5,,,,,,,,,,,3,,,,,,,,1,,,,,,,,,,,,,,,,,,,,,,,,,,,,,,,,,5,3,1,,,,,,,,,,,,,,,,,,
,3,100000,,,,7,,,,,,,,,5,,,,,,,,,,,,,,3,,,,,,,,,,,,,,,,,,,,,,,,,,,7,5,3,,,,,,,,,,,,,,,,,,
,4,300000,,,,,,9,,,,,,,7,,,,,,,,5,,,,,,,,,,,,,,,,,,,,,,,,,,,,,,,,,9,7,5,,,,,,,,,,,,,,,,,,
,5,1000000,,,11,,,,,,,,,,,,,,,,,,5,,,,,,,7,,,,,,,,,,,,,,,,,,,,,,,,,,11,9,7,,,,,,,,,,,,,,,,,,
Misaki Umika,1,,,,,,,,,,,,,,,,,,,,,,,,,,,,,,,,,,,,,,,,,,,,,,,,,,,,,,,,,,,,,,,,,,,,,,,,,,,
,2,,,,,,,,,,,,,,,,,,,,,,,,,,,,,,,,,,,,,,,,,,,,,,,,,,,,,,,,,,,,,,,,,,,,,,,,,,,
,3,300000,,,,,,,,,,,,,,,,,,,,,,,,,,,,,,,,,,,6,,,,,,,,,,,,,,,,,,,,,,,,,,,,,,,,,,,,,,,
,4,,,,,,,,,,,,,,,,,,,,,,,,,,,,,,,,,,,,6,,,,,,,,,,,,,,,,,,,,,,,,,,,,,,,,,,,,,,,
,5,,,,,,,,,,,,,,,,,,,,,,,,,,,,,,,,,,,,,,,,,,,,,,,,,,,,,,,,,,,,,,,,,,,,,,,,,,,
,2,10000,,,,,,,,,,,,,,,,,,,,,,,,,,,,,,,,,,,,1,,,,,,,,,,,,,,,,,,,,,,,,,,,,,,,,,,,,,,
,3,100000,,,,,,,,,,,,,,,,,,,,,,,,,,,,,,,,,,,,2,,,,,,,,,,,,,,,,,,,,,,,,,,,,,,,,,,,,,,
,4,300000,,,,,,,,,,,,,,,,,,,,,,,,,,,,,,,,,,,,3,,,,,,,,,,,,,,,,,,,,,,,,,,,,,,,,,,,,,,
,5,1000000,,,,,,,,,,,,,,,,,,,,,,,,,,,,,,,,,,,,4,,,,,,,,,,,,,,,,,,,,,,,,,,,,,,,,,,,,,,
Misono Karin,1,,,,,,,,,,,,,,,,,,,,,,,,,,,,,,,,,,,,,,,,,,,,,,,,,,,,,,,,,,,,,,,,,,,,,,,,,,,
,2,,,,,,,,,,,,,,,,,,,,,,,,,,,,,,,,,,,,,,,,,,,,,,,,,,,,,,,,,,,,,,,,,,,,,,,,,,,
,3,,,,,,,,,,,,,,,,,,,,,,,,,,,,,,,,,,,,,,,,,,,,,,,,,,,,,,,,,,,,,,,,,,,,,,,,,,,
,4,1000000,3,,,,,,12,,,,,,,,8,,,,,,,,6,,,,,,,,,,,,,,,,,,,,,,,12,6,,,,,,,,,,,,,,,,,,,,,,,,,,,
,5,,3,,,,,,,,,,,,,,15,,,,,,,,8,,,,10,,,,,,,,,,,,,,,,,,,15,10,,,,,,,,,,,,,,,,,,,,,,,,,,,
,2,10000,,,,,,,5,,,,,,,,3,,,,,,,,1,,,,,,,,,,,,,,,,,,,,,,,,,5,3,1,,,,,,,,,,,,,,,,,,,,,,,,
,3,100000,,,7,,,,,,,,,,,,5,,,,,,,,,,,,3,,,,,,,,,,,,,,,,,,,,,7,5,3,,,,,,,,,,,,,,,,,,,,,,,,
,4,300000,,,,,,,9,,,,,,,,7,,,,,,,,5,,,,,,,,,,,,,,,,,,,,,,,,,9,7,5,,,,,,,,,,,,,,,,,,,,,,,,
,5,1000000,,,,,11,,,,,,,,,,,,,,,,,,5,,,7,,,,,,,,,,,,,,,,,,,,,,11,9,7,,,,,,,,,,,,,,,,,,,,,,,,
Mitsuki Felicia,1,,,,,,,,,,,,,,,,,,,,,,,,,,,,,,,,,,,,,,,,,,,,,,,,,,,,,,,,,,,,,,,,,,,,,,,,,,,
,2,100000,,,5,,,,,,,,,,,3,,,,,,,1,,,,,,,,,,,,,,,,,,,,,,,,,,,,,,,,,,,,,,,,,,,,,,,,6,4,2,,,
,3,300000,2,,,,8,,,,,,,,,,,,,,,,,,,,,3,,,,,,,,,,,,,,,,,,,,,,,,,,,,,,,,,,,,,,,,,,,9,7,4,,,
,4,1000000,3,12,,,,,,,,,,,8,,,,,,,,,,,,,,6,,,,,,,,,,,,,,,,,,,,,,,,,,,,,,,,,,,,,,,,,,,12,6,,,
,5,,3,,,,,,,,,,,,,,15,,,,,,,,,,10,,,8,,,,,,,,,,,,,,,,,,,,,,,,,,,,,,,,,,,,,,,,,,15,10,,,
,2,10000,,3,,,,,,,,,,,,,,,,,,,,,,,,,,,,,,,,,,,,,,,,,,,,,,,,,,,,,,,,,,,,,,,,,,,,,,3,,
,3,100000,,,5,,,,,,,,,,3,,,,,,,,,,,,,,,,,,,,,,,,,,,,,,,,,,,,,,,,,,,,,,,,,,,,,,,,,,,5,3,
,4,300000,,,,,,7,,,,,,,,5,,,,,,,,,,,,3,,,,,,,,,,,,,,,,,,,,,,,,,,,,,,,,,,,,,,,,,,,,,,7,5,3
,5,1000000,,,,,9,,,,,,,,,,,,,,,,,3,,,,,5,,,,,,,,,,,,,,,,,,,,,,,,,,,,,,,,,,,,,,,,,,,,,9,7,5
Miyako Hinano,1,,,,,,,,,,,,,,,,,,,,,,,,,,,,,,,,,,,,,,,,,,,,,,,,,,,,,,,,,,,,,,,,,,,,,,,,,,,
,2,100000,,5,,,,,,,,,,,3,,,,,,,,1,,,,,,,,,,,,,,,,,,,,,,,,,,,,,,,,,,,,6,4,2,,,,,,,,,,,,,,,
,3,300000,2,,,8,,,,,,,,,,,,,,,,,3,,,,,,,,,,,,,,,,,,,,,,,,,,,,,,,,,,,,9,7,4,,,,,,,,,,,,,,,
,4,1000000,3,,,,,12,,,,,,,8,,,,,,,,,,,,,,,6,,,,,,,,,,,,,,,,,,,,,,,,,,,,,,12,6,,,,,,,,,,,,,,,
,5,,3,,,,,,,,,,,,15,,,,,,,,,,,,,8,10,,,,,,,,,,,,,,,,,,,,,,,,,,,,,,,15,10,,,,,,,,,,,,,,,
,2,10000,,,,,,3,,,,,,,,,,,,,,,,,,,,,,,,,,,,,,,,,,,,,,,,,,,,,,,,,,,,,,3,,,,,,,,,,,,,,
,3,100000,,,,,5,,,,,,,,3,,,,,,,,,,,,,,,,,,,,,,,,,,,,,,,,,,,,,,,,,,,,,,,5,3,,,,,,,,,,,,,
,4,300000,,,,7,,,,,,,,,5,,,,,,,,3,,,,,,,,,,,,,,,,,,,,,,,,,,,,,,,,,,,,,,,7,5,3,,,,,,,,,,,,
,5,1000000,,9,,,,,,,,,,,,,,,,,,,3,,,,,,,5,,,,,,,,,,,,,,,,,,,,,,,,,,,,,,,,9,7,5,,,,,,,,,,,,
Momoe Nagisa,1,,,,,,,,,,,,,,,,,,,,,,,,,,,,,,,,,,,,,,,,,,,,,,,,,,,,,,,,,,,,,,,,,,,,,,,,,,,
,2,,,,,,,,,,,,,,,,,,,,,,,,,,,,,,,,,,,,,,,,,,,,,,,,,,,,,,,,,,,,,,,,,,,,,,,,,,,
,3,,,,,,,,,,,,,,,,,,,,,,,,,,,,,,,,,,,,,,,,,,,,,,,,,,,,,,,,,,,,,,,,,,,,,,,,,,,
,4,1000000,3,,,,12,,,,,,,,,,,,,,,6,,,,,,,,8,,,,,,,,,,,,,,,,,,,,,,,,,,,,,,,,,,,,,,,,,,12,6,,,
,5,,3,,,,,,,,,,,,,,15,,,,,,,,8,,,,,,,,,,10,,,,,,,,,,,,,,,,,,,,,,,,,,,,,,,,,,,,,15,10,,,
,2,10000,,5,,,,,,,,,,,,,,3,,,,1,,,,,,,,,,,,,,,,,,,,,,,,,,,,,,,,,,,,,,,,,,,,,,,,,,,,5,3,1
,3,100000,,,7,,,,,,,,,,,,,5,,,,,,,,,,,3,,,,,,,,,,,,,,,,,,,,,,,,,,,,,,,,,,,,,,,,,,,,,7,5,3
,4,300000,,,,,,9,,,,,,,,,,,,7,,,,,,5,,,,,,,,,,,,,,,,,,,,,,,,,,,,,,,,,,,,,,,,,,,,,,,,9,7,5
,5,1000000,,,,,,,11,,,,,,,,,,,,,,,,,,5,7,,,,,,,,,,,,,,,,,,,,,,,,,,,,,,,,,,,,,,,,,,,,,,11,9,7
Nanami Yachiyo,1,,,,,,,,,,,,,,,,,,,,,,,,,,,,,,,,,,,,,,,,,,,,,,,,,,,,,,,,,,,,,,,,,,,,,,,,,,,
,2,100000,,5,,,,,,,,,,3,,,,,,,,1,,,,,,,,,,,,,,,,,,,,,,,,,,,,,,,6,4,2,,,,,,,,,,,,,,,,,,,,,
,3,300000,2,,,8,,,,,,,,,,,,,,,,3,,,,,,,,,,,,,,,,,,,,,,,,,,,,,,,9,7,4,,,,,,,,,,,,,,,,,,,,,
,4,1000000,3,,,,,12,,,,,,8,,,,,,,,,,,,,,6,,,,,,,,,,,,,,,,,,,,,,,,,,12,6,,,,,,,,,,,,,,,,,,,,,
,5,,3,,,,,,,,,,,15,,,,,,,,,,,,,,,8,10,,,,,,,,,,,,,,,,,,,,,,,,15,10,,,,,,,,,,,,,,,,,,,,,
,2,10000,,,,,3,,,,,,,,,,,,,,,,,,,,,,,,,,,,,,,,,,,,,,,,,,,,,,,,,3,,,,,,,,,,,,,,,,,,,,
,3,100000,,5,,,,,,,,,,3,,,,,,,,,,,,,,,,,,,,,,,,,,,,,,,,,,,,,,,,,,5,3,,,,,,,,,,,,,,,,,,,
,4,300000,,,,7,,,,,,,,5,,,,,,,,3,,,,,,,,,,,,,,,,,,,,,,,,,,,,,,,,,,7,5,3,,,,,,,,,,,,,,,,,,
,5,1000000,,,9,,,,,,,,,,,,,,,,,3,,,,,,,5,,,,,,,,,,,,,,,,,,,,,,,,,,,9,7,5,,,,,,,,,,,,,,,,,,
Nanase Yukika,1,,,,,,,,,,,,,,,,,,,,,,,,,,,,,,,,,,,,,,,,,,,,,,,,,,,,,,,,,,,,,,,,,,,,,,,,,,,
,2,,,,,,,,,,,,,,,,,,,,,,,,,,,,,,,,,,,,,,,,,,,,,,,,,,,,,,,,,,,,,,,,,,,,,,,,,,,
,3,,,,,,,,,,,,,,,,,,,,,,,,,,,,,,,,,,,,,,,,,,,,,,,,,,,,,,,,,,,,,,,,,,,,,,,,,,,
,4,1000000,3,,,,,,,12,,,,,,,8,,,,,,,,,,,,,,,6,,,,,,,,,,,,,,,,,,,,,,,,,,,,,,,,,,12,6,,,,,,,,,
,5,,3,,,,,,,,,,15,,,,,,,,,,,,,,,,,,8,,,,,10,,,,,,,,,,,,,,,,,,,,,,,,,,,,,,15,10,,,,,,,,,
,2,10000,,,,,,5,,,,,,,,,3,,,,,,,,,,,1,,,,,,,,,,,,,,,,,,,,,,,,,,,,,,,,,,,,,,,,5,3,1,,,,,,
,3,100000,,,,,,,,7,,,,5,,,,,,,,3,,,,,,,,,,,,,,,,,,,,,,,,,,,,,,,,,,,,,,,,,,,,,,7,5,3,,,,,,
,4,300000,,,,,,,,,,,9,,,,,,,7,,,,,5,,,,,,,,,,,,,,,,,,,,,,,,,,,,,,,,,,,,,,,,,,,9,7,5,,,,,,
,5,1000000,,,,,,,,11,,,,,,,,,5,,,7,,,,,,,,,,,,,,,,,,,,,,,,,,,,,,,,,,,,,,,,,,,,,,11,9,7,,,,,,
Narumi Arisa,1,,,,,,,,,,,,,,,,,,,,,,,,,,,,,,,,,,,,,,,,,,,,,,,,,,,,,,,,,,,,,,,,,,,,,,,,,,,
,2,,,,,,,,,,,,,,,,,,,,,,,,,,,,,,,,,,,,,,,,,,,,,,,,,,,,,,,,,,,,,,,,,,,,,,,,,,,
,3,300000,,,,,,,,,,,,,,,,,,,,,,,,,,,,,,,,,,,,,,,,,6,,,,,,,,,,,,,,,,,,,,,,,,,,,,,,,,,
,4,1000000,,,,,,,,,,,,,,,,,,,,,,,,,,,,,,,,,,,,,,,,,6,,,,,,,,,,,,,,,,,,,,,,,,,,,,,,,,,
,5,,,,,,,,,,,,,,,,,,,,,,,,,,,,,,,,,,,,,,,,,,6,,,,,,,,,,,,,,,,,,,,,,,,,,,,,,,,,
,2,10000,,,,,,,,,,,,,,,,,,,,,,,,,,,,,,,,,,,,,,,,,,1,,,,,,,,,,,,,,,,,,,,,,,,,,,,,,,,
,3,100000,,,,,,,,,,,,,,,,,,,,,,,,,,,,,,,,,,,,,,,,,,2,,,,,,,,,,,,,,,,,,,,,,,,,,,,,,,,
,4,300000,,,,,,,,,,,,,,,,,,,,,,,,,,,,,,,,,,,,,,,,,,3,,,,,,,,,,,,,,,,,,,,,,,,,,,,,,,,
,5,1000000,,,,,,,,,,,,,,,,,,,,,,,,,,,,,,,,,,,,,,,,,,4,,,,,,,,,,,,,,,,,,,,,,,,,,,,,,,,
Natsume Kako,1,,,,,,,,,,,,,,,,,,,,,,,,,,,,,,,,,,,,,,,,,,,,,,,,,,,,,,,,,,,,,,,,,,,,,,,,,,,
,2,100000,,,,,,5,,,,,,,3,,,,,,,,1,,,,,,,,,,,,,,,,,,,,,,,,,,,,,,,,,,,,6,4,2,,,,,,,,,,,,,,,
,3,300000,2,,8,,,,,,,,,,,,,,,,,,3,,,,,,,,,,,,,,,,,,,,,,,,,,,,,,,,,,,,9,7,4,,,,,,,,,,,,,,,
,4,1000000,3,,,,12,,,,,,,,8,,,,,,,,,,,,,,6,,,,,,,,,,,,,,,,,,,,,,,,,,,,,,,12,6,,,,,,,,,,,,,,,
,5,,3,,,,,,,,,,,,,,,,,,15,,,,,,,,,,,8,,10,,,,,,,,,,,,,,,,,,,,,,,,,,15,10,,,,,,,,,,,,,,,
,2,10000,,,,,,3,,,,,,,,,,,,,,,,,,,,,,,,,,,,,,,,,,,,,,,,,,,,,,,,,,,,,,3,,,,,,,,,,,,,,
,3,100000,,,,,5,,,,,,,,3,,,,,,,,,,,,,,,,,,,,,,,,,,,,,,,,,,,,,,,,,,,,,,,5,3,,,,,,,,,,,,,
,4,300000,,,,7,,,,,,,,,5,,,,,,,,3,,,,,,,,,,,,,,,,,,,,,,,,,,,,,,,,,,,,,,,7,5,3,,,,,,,,,,,,
,5,1000000,,9,,,,,,,,,,,,,,,,,,,3,,,,,,,5,,,,,,,,,,,,,,,,,,,,,,,,,,,,,,,,9,7,5,,,,,,,,,,,,
Oshino Shinobu,1,,,,,,,,,,,,,,,,,,,,,,,,,,,,,,,,,,,,,,,,,,,,,,,,,,,,,,,,,,,,,,,,,,,,,,,,,,,
,2,,,,,,,,,,,,,,,,,,,,,,,,,,,,,,,,,,,,,,,,,,,,,,,,,,,,,,,,,,,,,,,,,,,,,,,,,,,
,3,,,,,,,,,,,,,,,,,,,,,,,,,,,,,,,,,,,,,,,,,,,,,,,,,,,,,,,,,,,,,,,,,,,,,,,,,,,
,4,1000000,3,,12,,,,,,,,,,,,,,8,,,,,,,,,,,,,6,,,,,,,,,,,,,,,,,,,,,,,,,,,,,,,,,,12,6,,,,,,,,,
,5,,3,,,,,,,15,,,,,,,,,,,,,,,,,,,,,,,8,,,10,,,,,,,,,,,,,,,,,,,,,,,,,,,,,,15,10,,,,,,,,,
,2,10000,,,5,,,,,,,,,,,,,,,3,,,,,1,,,,,,,,,,,,,,,,,,,,,,,,,,,,,,,,,,,,,,,,,,,5,3,1,,,,,,
,3,100000,,,,,,,,7,,,,,,,,,,,,5,,,,,,,3,,,,,,,,,,,,,,,,,,,,,,,,,,,,,,,,,,,,,,,7,5,3,,,,,,
,4,300000,,,,,9,,,,,,,,7,,,,,,,,,,,,,,,,,,5,,,,,,,,,,,,,,,,,,,,,,,,,,,,,,,,,,,9,7,5,,,,,,
,5,1000000,,,,,,,,,11,,,,,,,,,,,,,,5,,,,,,,,,7,,,,,,,,,,,,,,,,,,,,,,,,,,,,,,,,,,11,9,7,,,,,,
Riz Hawkwood,1,,,,,,,,,,,,,,,,,,,,,,,,,,,,,,,,,,,,,,,,,,,,,,,,,,,,,,,,,,,,,,,,,,,,,,,,,,,
,2,,,,,,,,,,,,,,,,,,,,,,,,,,,,,,,,,,,,,,,,,,,,,,,,,,,,,,,,,,,,,,,,,,,,,,,,,,,
,3,,,,,,,,,,,,,,,,,,,,,,,,,,,,,,,,,,,,,,,,,,,,,,,,,,,,,,,,,,,,,,,,,,,,,,,,,,,
,4,1000000,3,,12,,,,,,,,,,,,,,,,,,,,,6,,,8,,,,,,,,,,,,,,,,,,,,,,,,,,,,,,,,,,,,,,,,,,,12,6,,,
,5,,3,,,,,,15,,,,,,,,,,,,,,10,,,,,,,8,,,,,,,,,,,,,,,,,,,,,,,,,,,,,,,,,,,,,,,,,,15,10,,,
,2,10000,,,,5,,,,,,,,,,,,,,,,,,1,,,,3,,,,,,,,,,,,,,,,,,,,,,,,,,,,,,,,,,,,,,,,,,,,,,5,3,1
,3,100000,,,,,,7,,,,,,,,,5,,,,,,3,,,,,,,,,,,,,,,,,,,,,,,,,,,,,,,,,,,,,,,,,,,,,,,,,,,7,5,3
,4,300000,,,,,9,,,,,,,,,,,7,,,,,,,,5,,,,,,,,,,,,,,,,,,,,,,,,,,,,,,,,,,,,,,,,,,,,,,,,9,7,5
,5,1000000,,,,11,,,,,,,,,,,,,,,,,5,,,,,,7,,,,,,,,,,,,,,,,,,,,,,,,,,,,,,,,,,,,,,,,,,,,,11,9,7
Rumor of the Ten-Thousand-Year Sakura,1,,,,,,,,,,,,,,,,,,,,,,,,,,,,,,,,,,,,,,,,,,,,,,,,,,,,,,,,,,,,,,,,,,,,,,,,,,,
,2,,,,,,,,,,,,,,,,,,,,,,,,,,,,,,,,,,,,,,,,,,,,,,,,,,,,,,,,,,,,,,,,,,,,,,,,,,,
,3,,,,,,,,,,,,,,,,,,,,,,,,,,,,,,,,,,,,,,,,,,,,,,,,,,,,,,,,,,,,,,,,,,,,,,,,,,,
,4,1000000,3,,,,,,,,,,,,,,12,8,,,,,,,6,,,,,,,,,,,,,,,,,,,,,,,,,,,,,,,,,,,,,,,,,12,6,,,,,,,,,
,5,,3,,,,,,,,,,,,,,,,15,,,,,,,,,,,,,,,,10,8,,,,,,,,,,,,,,,,,,,,,,,,,,,,,,15,10,,,,,,,,,
,2,10000,,,,,,,,,,,,,5,,3,,,,,,,,,1,,,,,,,,,,,,,,,,,,,,,,,,,,,,,,,,,,,,,,,,,,5,3,1,,,,,,
,3,100000,,,,,,,,,7,,,,,,,,,5,,,,,,,3,,,,,,,,,,,,,,,,,,,,,,,,,,,,,,,,,,,,,,,,,7,5,3,,,,,,
,4,300000,,,,,,,,,,,,,,,,7,,,9,,,5,,,,,,,,,,,,,,,,,,,,,,,,,,,,,,,,,,,,,,,,,,,,9,7,5,,,,,,
,5,1000000,,,,,,,,,,,,,,11,,,5,,,,,,,,,,,,,,7,,,,,,,,,,,,,,,,,,,,,,,,,,,,,,,,,,,11,9,7,,,,,,
Rumor Tsuruno,1,,,,,,,,,,,,,,,,,,,,,,,,,,,,,,,,,,,,,,,,,,,,,,,,,,,,,,,,,,,,,,,,,,,,,,,,,,,
,2,,,,,,,,,,,,,,,,,,,,,,,,,,,,,,,,,,,,,,,,,,,,,,,,,,,,,,,,,,,,,,,,,,,,,,,,,,,
,3,300000,2,,,,,,,,,,,,,,,,,8,,3,,,,,,,,,,,,,,,,,,,,,,,,,9,7,4,,,,,,,,,,,,,,,,,,,,,,,,,,,
,4,1000000,3,,,,,,,8,,,,12,,,,,,,,,,,,,,,,,,,6,,,,,,,,,,,,,,,12,6,,,,,,,,,,,,,,,,,,,,,,,,,,,
,5,,3,,,,,,,,,,,,,,,,,15,,,10,,,,,8,,,,,,,,,,,,,,,,,,,,15,10,,,,,,,,,,,,,,,,,,,,,,,,,,,
,2,10000,,,4,,,,,,,,,,,,,,,2,,,,,,,,,,,,,,,,,,,,,,,,,,,,,,4,2,,,,,,,,,,,,,,,,,,,,,,,,,
,3,100000,,,,,,,,,6,,,,,,,4,,,,,,,,,,,,2,,,,,,,,,,,,,,,,,,,,6,4,2,,,,,,,,,,,,,,,,,,,,,,,,
,4,300000,,,,8,,,,,,,,,,,,,6,,,,,,,,4,,,,,,,,,,,,,,,,,,,,,,,8,6,4,,,,,,,,,,,,,,,,,,,,,,,,
,5,1000000,,,10,,,,,,,,,,,,,4,,,,,,,,,,,,,,,6,,,,,,,,,,,,,,,,,10,8,6,,,,,,,,,,,,,,,,,,,,,,,,
Sakura Kyouko,1,,,,,,,,,,,,,,,,,,,,,,,,,,,,,,,,,,,,,,,,,,,,,,,,,,,,,,,,,,,,,,,,,,,,,,,,,,,
,2,,,,,,,,,,,,,,,,,,,,,,,,,,,,,,,,,,,,,,,,,,,,,,,,,,,,,,,,,,,,,,,,,,,,,,,,,,,
,3,,,,,,,,,,,,,,,,,,,,,,,,,,,,,,,,,,,,,,,,,,,,,,,,,,,,,,,,,,,,,,,,,,,,,,,,,,,
,4,1000000,3,,,,,,,,,,,,,,7,,,,,6,,,6,,,,,,,,,,,,,,,,,,,,,,,12,6,,,,,,,,,,,,,,,,,,,,,,,,,,,
,5,,3,,,,,,,,,,,,15,,,,,,,,,,,,,,8,10,,,,,,,,,,,,,,,,,,15,10,,,,,,,,,,,,,,,,,,,,,,,,,,,
,2,10000,,,,,,5,,,,,,,,,3,,,,,,,,1,,,,,,,,,,,,,,,,,,,,,,,,,5,3,1,,,,,,,,,,,,,,,,,,,,,,,,
,3,100000,,7,,,,,,,,,,,,5,,,,,,,,,3,,,,,,,,,,,,,,,,,,,,,,,,,7,5,3,,,,,,,,,,,,,,,,,,,,,,,,
,4,300000,,,,9,,,,,,,,,7,,,,,,,,,,,,,5,,,,,,,,,,,,,,,,,,,,,,9,7,5,,,,,,,,,,,,,,,,,,,,,,,,
,5,1000000,,,,,11,,,,,,,,,,,,,,,,5,,,,,,7,,,,,,,,,,,,,,,,,,,,,11,9,7,,,,,,,,,,,,,,,,,,,,,,,,
Sakura Kyouko (Mizugi ver.),1,,,,,,,,,,,,,,,,,,,,,,,,,,,,,,,,,,,,,,,,,,,,,,,,,,,,,,,,,,,,,,,,,,,,,,,,,,,
,2,,,,,,,,,,,,,,,,,,,,,,,,,,,,,,,,,,,,,,,,,,,,,,,,,,,,,,,,,,,,,,,,,,,,,,,,,,,
,3,,,,,,,,,,,,,,,,,,,,,,,,,,,,,,,,,,,,,,,,,,,,,,,,,,,,,,,,,,,,,,,,,,,,,,,,,,,
,4,1000000,3,,,,,,,,,12,,,,,,,,,,8,,,,,,,,,,6,,,,,,,,,,,,,,,,12,6,,,,,,,,,,,,,,,,,,,,,,,,,,,
,5,,3,,,,,,,,,,,,,,,,15,,,,,,,,10,,,,,,8,,,,,,,,,,,,,,,15,10,,,,,,,,,,,,,,,,,,,,,,,,,,,
,2,10000,,,,,,,,,,5,,,,,3,,,,,,,1,,,,,,,,,,,,,,,,,,,,,,,,,,5,3,1,,,,,,,,,,,,,,,,,,,,,,,,
,3,100000,,,,,,,,7,,,,,,,,,,,,5,,,,,,,,,,3,,,,,,,,,,,,,,,,,,7,5,3,,,,,,,,,,,,,,,,,,,,,,,,
,4,300000,,,,,9,,,,,,,,,,7,,,,,,,,,,,,,,,,5,,,,,,,,,,,,,,,,,9,7,5,,,,,,,,,,,,,,,,,,,,,,,,
,5,1000000,,,,,,,,,,11,,,,,,,,5,,,,,,,,,,,7,,,,,,,,,,,,,,,,,,,11,9,7,,,,,,,,,,,,,,,,,,,,,,,,
Sarasa Hanna,1,,,,,,,,,,,,,,,,,,,,,,,,,,,,,,,,,,,,,,,,,,,,,,,,,,,,,,,,,,,,,,,,,,,,,,,,,,,
,2,,,,,,,,,,,,,,,,,,,,,,,,,,,,,,,,,,,,,,,,,,,,,,,,,,,,,,,,,,,,,,,,,,,,,,,,,,,
,3,,,,,,,,,,,,,,,,,,,,,,,,,,,,,,,,,,,,,,,,,,,,,,,,,,,,,,,,,,,,,,,,,,,,,,,,,,,
,4,1000000,3,,,,,,,,12,,,,,,,,,,,,,,6,,,,,,,8,,,,,,,,,,,,,,,,,,,,,,,,,,,,,,,,,,,,,,,,12,6,,,
,5,,3,,,,,,,,,,15,,,,,,,,,,,,,8,,,,,,,,10,,,,,,,,,,,,,,,,,,,,,,,,,,,,,,,,,,,,,,15,10,,,
,2,10000,,,,,,,,,,,,,,,3,5,,,,,,,,,,,1,,,,,,,,,,,,,,,,,,,,,,,,,,,,,,,,,,,,,,,,,,,,,5,3,1
,3,100000,,,,,,,,,7,,,,,,,,5,,,,,,,3,,,,,,,,,,,,,,,,,,,,,,,,,,,,,,,,,,,,,,,,,,,,,,,,7,5,3
,4,300000,,,,9,,,,,,,,,,,,7,,,,,,,,,,,,,,,,,5,,,,,,,,,,,,,,,,,,,,,,,,,,,,,,,,,,,,,,,9,7,5
,5,1000000,,,,,,,,,,,5,,,,11,,,,,,,,,,,,,,,,,7,,,,,,,,,,,,,,,,,,,,,,,,,,,,,,,,,,,,,,,,11,9,7
Satomi Touka,1,,,,,,,,,,,,,,,,,,,,,,,,,,,,,,,,,,,,,,,,,,,,,,,,,,,,,,,,,,,,,,,,,,,,,,,,,,,
,2,,,,,,,,,,,,,,,,,,,,,,,,,,,,,,,,,,,,,,,,,,,,,,,,,,,,,,,,,,,,,,,,,,,,,,,,,,,
,3,,,,,,,,,,,,,,,,,,,,,,,,,,,,,,,,,,,,,,,,,,,,,,,,,,,,,,,,,,,,,,,,,,,,,,,,,,,
,4,1000000,3,,,,,,,,,,8,,,,,,12,,,,6,,,,,,,,,,,,,,,,,,,,,,,,,12,6,,,,,,,,,,,,,,,,,,,,,,,,,,,
,5,,3,,,,,,,,,15,,,,,,,,,,,,,,,,,,,,,,8,10,,,,,,,,,,,,,15,10,,,,,,,,,,,,,,,,,,,,,,,,,,,
,2,10000,,,,,,,,,,,,,,,3,,5,,,,,1,,,,,,,,,,,,,,,,,,,,,,,,,,5,3,1,,,,,,,,,,,,,,,,,,,,,,,,
,3,100000,,,,,,,,7,,,,,,,,,,,,,,,,,5,,,,,3,,,,,,,,,,,,,,,,,,7,5,3,,,,,,,,,,,,,,,,,,,,,,,,
,4,300000,,,,,,,,,,,9,,,,,,,7,,,,,,,,,,,,,5,,,,,,,,,,,,,,,,,9,7,5,,,,,,,,,,,,,,,,,,,,,,,,
,5,1000000,,,,,,,,,,11,,,,,,,,5,,,,,,7,,,,,,,,,,,,,,,,,,,,,,,,11,9,7,,,,,,,,,,,,,,,,,,,,,,,,
Sengoku Nadeko,1,,,,,,,,,,,,,,,,,,,,,,,,,,,,,,,,,,,,,,,,,,,,,,,,,,,,,,,,,,,,,,,,,,,,,,,,,,,
,2,,,,,,,,,,,,,,,,,,,,,,,,,,,,,,,,,,,,,,,,,,,,,,,,,,,,,,,,,,,,,,,,,,,,,,,,,,,
,3,,,,,,,,,,,,,,,,,,,,,,,,,,,,,,,,,,,,,,,,,,,,,,,,,,,,,,,,,,,,,,,,,,,,,,,,,,,
,4,1000000,3,,,12,,,,,,,,,,8,,,,,,,,,,,,6,,,,,,,,,,,,,,,,,,,,,,,,,,,,,,,,12,6,,,,,,,,,,,,,,,
,5,,3,,,,,,,15,,,,,,,,,,,,,,,,,10,8,,,,,,,,,,,,,,,,,,,,,,,,,,,,,,,,15,10,,,,,,,,,,,,,,,
,2,10000,,,,,,5,,,,,,,,,,3,,,,,,,,1,,,,,,,,,,,,,,,,,,,,,,,,,,,,,,,,,,,,5,3,1,,,,,,,,,,,,
,3,100000,,,,,,,7,,,,,,,,,,5,,,,,,,,,,,,3,,,,,,,,,,,,,,,,,,,,,,,,,,,,,,,7,5,3,,,,,,,,,,,,
,4,300000,,,,9,,,,,,,,,,,,7,,,,,,,,5,,,,,,,,,,,,,,,,,,,,,,,,,,,,,,,,,,,,9,7,5,,,,,,,,,,,,
,5,1000000,,,,,,,11,,,,,,,,,,5,,,,,,,,,,,,7,,,,,,,,,,,,,,,,,,,,,,,,,,,,,,,11,9,7,,,,,,,,,,,,
Senjougahara Hitagi,1,,,,,,,,,,,,,,,,,,,,,,,,,,,,,,,,,,,,,,,,,,,,,,,,,,,,,,,,,,,,,,,,,,,,,,,,,,,
,2,,,,,,,,,,,,,,,,,,,,,,,,,,,,,,,,,,,,,,,,,,,,,,,,,,,,,,,,,,,,,,,,,,,,,,,,,,,
,3,300000,2,,,,,8,,,,,,,,,,,,,,,,,,,3,,,,,,,,,,,,,,,,,,,,,,,,,,,,,,,,,,,,,,,,,,,,9,7,4,,,
,4,1000000,3,,,,,,12,,,,,,8,,,,,,,,,,,,,,,,6,,,,,,,,,,,,,,,,,,,,,,,,,,,,,,,,,,,,,,,,,12,6,,,
,5,,3,,,,,,,,,,,,,,,,,,15,,,,,10,,,,,,8,,,,,,,,,,,,,,,,,,,,,,,,,,,,,,,,,,,,,,,,15,10,,,
,2,10000,,,,,,5,,,,,,,,,3,,,,,,,,,1,,,,,,,,,,,,,,,,,,,,,,,,,,,,,,,,,,,,,,,,,,,,,,,,5,1,1
,3,100000,,,,,,,,7,,,,,,,,,5,,,,,,,,,,3,,,,,,,,,,,,,,,,,,,,,,,,,,,,,,,,,,,,,,,,,,,,,7,5,3
,4,300000,,,,9,,,,,,,,,,,,7,,,,,,,5,,,,,,,,,,,,,,,,,,,,,,,,,,,,,,,,,,,,,,,,,,,,,,,,,9,7,5
,5,1000000,,,,,,,,11,,,,,,,,,5,,,,,,,,,,,,7,,,,,,,,,,,,,,,,,,,,,,,,,,,,,,,,,,,,,,,,,,,11,9,7
Shinobu Akira,1,,,,,,,,,,,,,,,,,,,,,,,,,,,,,,,,,,,,,,,,,,,,,,,,,,,,,,,,,,,,,,,,,,,,,,,,,,,
,2,100000,,,5,,,,,,,,,,,3,,,,,,,,1,,,,,,,,,,,,,,,,,,,,,,,,,,,,,6,4,2,,,,,,,,,,,,,,,,,,,,,
,3,300000,2,,,,8,,,,,,,,,,,,,,,,,,,,,3,,,,,,,,,,,,,,,,,,,,,,,,,9,7,4,,,,,,,,,,,,,,,,,,,,,
,4,,3,12,,,,,,,,,,,,8,,,,,,,,,,,,,6,,,,,,,,,,,,,,,,,,,,,,,,,12,6,,,,,,,,,,,,,,,,,,,,,
,5,,,,,,,,,,,,,,,,,,,,,,,,,,,,,,,,,,,,,,,,,,,,,,,,,,,,,,,,,,,,,,,,,,,,,,,,,,,
,2,10000,,,,,3,,,,,,,,,,,,,,,,,,,,,,,,,,,,,,,,,,,,,,,,,,,,,,,,,3,,,,,,,,,,,,,,,,,,,,
,3,100000,,5,,,,,,,,,,,,3,,,,,,,,,,,,,,,,,,,,,,,,,,,,,,,,,,,,,,,,5,3,,,,,,,,,,,,,,,,,,,
,4,300000,,,,7,,,,,,,,,,5,,,,,,,,3,,,,,,,,,,,,,,,,,,,,,,,,,,,,,,,,7,5,3,,,,,,,,,,,,,,,,,,
,5,1000000,,,9,,,,,,,,,,,,,,,,,,,3,,,,,5,,,,,,,,,,,,,,,,,,,,,,,,,,,9,7,5,,,,,,,,,,,,,,,,,,
Shion Chisato,1,,,,,,,,,,,,,,,,,,,,,,,,,,,,,,,,,,,,,,,,,,,,,,,,,,,,,,,,,,,,,,,,,,,,,,,,,,,
,2,,,,,,,,,,,,,,,,,,,,,,,,,,,,,,,,,,,,,,,,,,,,,,,,,,,,,,,,,,,,,,,,,,,,,,,,,,,
,3,300000,,,,,,,,,8,,,,,,,,,,,,,,,,3,,,2,,,,,,,,,,,,,,,,,,,,,,,9,7,4,,,,,,,,,,,,,,,,,,,,,
,4,,3,,,,12,,,,,,,,,,,8,,,,,,,,,,,,,6,,,,,,,,,,,,,,,,,,,,,,,12,6,,,,,,,,,,,,,,,,,,,,,
,5,,,,,,,,,,,,,,,,,,,,,,,,,,,,,,,,,,,,,,,,,,,,,,,,,,,,,,,,,,,,,,,,,,,,,,,,,,,
,2,10000,,,,,,4,,,,,,,,2,,,,,,,,,,,,,,,,,,,,,,,,,,,,,,,,,,,,,,,,4,2,,,,,,,,,,,,,,,,,,,
,3,100000,,,,,,,,,6,,,,,,,4,,,,,,,,,,,,2,,,,,,,,,,,,,,,,,,,,,,,,,,6,4,2,,,,,,,,,,,,,,,,,,
,4,300000,,,,8,,,,,,,,,,,,,6,,,,,4,,,,,,,,,,,,,,,,,,,,,,,,,,,,,,,,8,6,4,,,,,,,,,,,,,,,,,,
,5,1000000,,,,,,,,,10,,,,,,,4,,,,,,,,,,,,,6,,,,,,,,,,,,,,,,,,,,,,,,,10,8,6,,,,,,,,,,,,,,,,,,
Shizumi Konoha,1,,,,,,,,,,,,,,,,,,,,,,,,,,,,,,,,,,,,,,,,,,,,,,,,,,,,,,,,,,,,,,,,,,,,,,,,,,,
,2,,,,,,,,,,,,,,,,,,,,,,,,,,,,,,,,,,,,,,,,,,,,,,,,,,,,,,,,,,,,,,,,,,,,,,,,,,,
,3,,,,,,,,,,,,,,,,,,,,,,,,,,,,,,,,,,,,,,,,,,,,,,,,,,,,,,,,,,,,,,,,,,,,,,,,,,,
,4,1000000,3,12,,,,,,,,,,,,,8,,,,,,,,,,,6,,,,,,,,,,,,,,,,,,,,,,,,,,12,6,,,,,,,,,,,,,,,,,,,,,
,5,,3,,,,,,,,,,,,15,,,,,,,,,,8,,,,,10,,,,,,,,,,,,,,,,,,,,,,,,15,10,,,,,,,,,,,,,,,,,,,,,
,2,10000,,5,,,,,,,,,,,,,3,,,,,,,1,,,,,,,,,,,,,,,,,,,,,,,,,,,,,,,,5,3,1,,,,,,,,,,,,,,,,,,
,3,100000,,,,7,,,,,,,,,,5,,,,,,,,,,,,3,,,,,,,,,,,,,,,,,,,,,,,,,,,,7,5,3,,,,,,,,,,,,,,,,,,
,4,300000,,,,,,9,,,,,,,7,,,,,,,,,,,,,,,5,,,,,,,,,,,,,,,,,,,,,,,,,,9,7,5,,,,,,,,,,,,,,,,,,
,5,1000000,,,11,,,,,,,,,,,,,,,,,7,,,,,,,5,,,,,,,,,,,,,,,,,,,,,,,,,,,11,9,7,,,,,,,,,,,,,,,,,,
Takamachi Nanoha,1,,,,,,,,,,,,,,,,,,,,,,,,,,,,,,,,,,,,,,,,,,,,,,,,,,,,,,,,,,,,,,,,,,,,,,,,,,,
,2,,,,,,,,,,,,,,,,,,,,,,,,,,,,,,,,,,,,,,,,,,,,,,,,,,,,,,,,,,,,,,,,,,,,,,,,,,,
,3,,,,,,,,,,,,,,,,,,,,,,,,,,,,,,,,,,,,,,,,,,,,,,,,,,,,,,,,,,,,,,,,,,,,,,,,,,,
,4,1000000,3,,,,,,,,,,,,,,8,,12,,,,,,,,,,,,,6,,,,,,,,,,,,,,,,12,6,,,,,,,,,,,,,,,,,,,,,,,,,,,
,5,,3,,,,,,,15,,,,,,,,,,,,,,,,,8,,,,,,10,,,,,,,,,,,,,,,15,10,,,,,,,,,,,,,,,,,,,,,,,,,,,
,2,10000,,5,,,,,,,,,,,,,,3,,,,,,,,,1,,,,,,,,,,,,,,,,,,,,,,,5,3,1,,,,,,,,,,,,,,,,,,,,,,,,
,3,100000,,,,,,,,,,,,,7,,,,,5,,,,,,,,,,,,,,,,3,,,,,,,,,,,,,,7,5,3,,,,,,,,,,,,,,,,,,,,,,,,
,4,300000,,,,,,9,,,,,,,,,,7,,,,,,,,,,,,,,,,,5,,,,,,,,,,,,,,,9,7,5,,,,,,,,,,,,,,,,,,,,,,,,
,5,1000000,,,,,,,11,,,,,,,,,,,,,,,,,,,7,,,,,5,,,,,,,,,,,,,,,,,11,9,7,,,,,,,,,,,,,,,,,,,,,,,,
Tamaki Iroha,1,10000,,2,,,,,,,,,,,,,,,,,,,,,,,,,,,,,,,,,,,,,,,,,,,,,,,,,,,,,,,,,,,,,2,,,,,,,,,,,
,2,100000,,,,,,5,,,,,,3,,,,,,,,1,,,,,,,,,,,,,,,,,,,,,,,,,,,,,,,,,,,,,,,,,,,6,4,2,,,,,,,,,
,3,300000,2,,8,,,,,,,,,,,,,,,,,3,,,,,,,,,,,,,,,,,,,,,,,,,,,,,,,,,,,,,,,,,,,9,7,4,,,,,,,,,
,4,1000000,3,,,,12,,,,,,,8,,,,,,,,,,,,,,,6,,,,,,,,,,,,,,,,,,,,,,,,,,,,,,,,,,,,,12,6,,,,,,,,,
,5,,3,,,,,,,,,,,,,,,,15,,,,,8,,,,,,,,,,,10,,,,,,,,,,,,,,,,,,,,,,,,,,,,,,,15,10,,,,,,,,,
,2,10000,,2,,,,,,,,,,,,,,,,,,,,,,,,,,,,,,,,,,,,,,,,,,,,,,,,,,,,,,,,,,,,,,,,2,,,,,,,,
,3,100000,,,,4,,,,,,,,2,,,,,,,,,,,,,,,,,,,,,,,,,,,,,,,,,,,,,,,,,,,,,,,,,,,,,,4,2,,,,,,,
,4,300000,,,,,,6,,,,,,4,,,,,,,,2,,,,,,,,,,,,,,,,,,,,,,,,,,,,,,,,,,,,,,,,,,,,,,6,4,2,,,,,,
,5,1000000,,,8,,,,,,,,,,,,,,,,,2,,,,,,4,,,,,,,,,,,,,,,,,,,,,,,,,,,,,,,,,,,,,,,,8,6,4,,,,,,
Tamaki Iroha (Mizugi ver.),1,,,,,,,,,,,,,,,,,,,,,,,,,,,,,,,,,,,,,,,,,,,,,,,,,,,,,,,,,,,,,,,,,,,,,,,,,,,
,2,,,,,,,,,,,,,,,,,,,,,,,,,,,,,,,,,,,,,,,,,,,,,,,,,,,,,,,,,,,,,,,,,,,,,,,,,,,
,3,,,,,,,,,,,,,,,,,,,,,,,,,,,,,,,,,,,,,,,,,,,,,,,,,,,,,,,,,,,,,,,,,,,,,,,,,,,
,4,1000000,3,,,8,,,,,,12,,,,,,,,,,,,,,,6,,,,,,,,,,,,,,,,,,,,,,,,,,,12,6,,,,,,,,,,,,,,,,,,,,,
,5,,3,,,,,,,,,,,,,,15,,,,,,10,,,,,,,,,,,8,,,,,,,,,,,,,,,,,,,,15,10,,,,,,,,,,,,,,,,,,,,,
,2,10000,,,,,,,,,,5,,,3,,,,,,,,,1,,,,,,,,,,,,,,,,,,,,,,,,,,,,,,,,5,3,1,,,,,,,,,,,,,,,,,,
,3,100000,,,,,,,,7,,,,,,,,,,,,5,,,3,,,,,,,,,,,,,,,,,,,,,,,,,,,,,,,7,5,3,,,,,,,,,,,,,,,,,,
,4,300000,,,,,9,,,,,,,,,,7,,,,,,,,,,,,,,,5,,,,,,,,,,,,,,,,,,,,,,,,9,7,5,,,,,,,,,,,,,,,,,,
,5,1000000,,,,,,,,,,11,,,,,,,,5,,,,,,,,,,,,,7,,,,,,,,,,,,,,,,,,,,,,,11,9,7,,,,,,,,,,,,,,,,,,
Tamaki Ui,1,,,,,,,,,,,,,,,,,,,,,,,,,,,,,,,,,,,,,,,,,,,,,,,,,,,,,,,,,,,,,,,,,,,,,,,,,,,
,2,,,,,,,,,,,,,,,,,,,,,,,,,,,,,,,,,,,,,,,,,,,,,,,,,,,,,,,,,,,,,,,,,,,,,,,,,,,
,3,,,,,,,,,,,,,,,,,,,,,,,,,,,,,,,,,,,,,,,,,,,,,,,,,,,,,,,,,,,,,,,,,,,,,,,,,,,
,4,1000000,3,,,,,,,12,,,,,,,,,,8,,,,,,,6,,,,,,,,,,,,,,,,,,,,,,,,,,,,,,,,,,,,,,,,,,,,,12,6,,,
,5,,3,,,,,,,,,,15,,,,,,,,,,,,,,,,,,,,10,8,,,,,,,,,,,,,,,,,,,,,,,,,,,,,,,,,,,,,,15,10,,,
,2,10000,,,,,,,,5,,,,,3,,,,,,,,,1,,,,,,,,,,,,,,,,,,,,,,,,,,,,,,,,,,,,,,,,,,,,,,,,,,5,3,1
,3,100000,,,,,7,,,,,,,,,,,,,,,5,,,,,,,,,,3,,,,,,,,,,,,,,,,,,,,,,,,,,,,,,,,,,,,,,,,,,7,5,3
,4,300000,,,,,,,9,,,,,,,,7,,,,,,,,,,,,,,,,5,,,,,,,,,,,,,,,,,,,,,,,,,,,,,,,,,,,,,,,,,9,7,5
,5,1000000,,,,,,,,,,11,,,,,,,,5,,,,,,,,,,,,,,,,7,,,,,,,,,,,,,,,,,,,,,,,,,,,,,,,,,,,,,,11,9,7
Tart,1,,,,,,,,,,,,,,,,,,,,,,,,,,,,,,,,,,,,,,,,,,,,,,,,,,,,,,,,,,,,,,,,,,,,,,,,,,,
,2,,,,,,,,,,,,,,,,,,,,,,,,,,,,,,,,,,,,,,,,,,,,,,,,,,,,,,,,,,,,,,,,,,,,,,,,,,,
,3,,,,,,,,,,,,,,,,,,,,,,,,,,,,,,,,,,,,,,,,,,,,,,,,,,,,,,,,,,,,,,,,,,,,,,,,,,,
,4,1000000,3,,,,,,12,,,,,,8,,,,,,,,,,,6,,,,,,,,,,,,,,,,,,,,,,,,,,,,,,,,,,,,,,,,12,6,,,,,,,,,
,5,,3,,,15,,,,,,,,,,,,,,,,10,,,,,,8,,,,,,,,,,,,,,,,,,,,,,,,,,,,,,,,,,,,,,15,10,,,,,,,,,
,2,10000,,,,,,,5,,,,,,,,,,,,,,1,,,,,,,3,,,,,,,,,,,,,,,,,,,,,,,,,,,,,,,,,,,,,,5,3,1,,,,,,
,3,100000,,,,,7,,,,,,,,,,,5,,,,,,,,3,,,,,,,,,,,,,,,,,,,,,,,,,,,,,,,,,,,,,,,,,,7,5,3,,,,,,
,4,300000,,,9,,,,,,,,,,,,7,,,,,,,,5,,,,,,,,,,,,,,,,,,,,,,,,,,,,,,,,,,,,,,,,,,,9,7,5,,,,,,
,5,1000000,,,,,,,11,,,,,,,,,,,,,,,,,5,,7,,,,,,,,,,,,,,,,,,,,,,,,,,,,,,,,,,,,,,,,11,9,7,,,,,,
Tatsuki Asuka,1,,,,,,,,,,,,,,,,,,,,,,,,,,,,,,,,,,,,,,,,,,,,,,,,,,,,,,,,,,,,,,,,,,,,,,,,,,,
,2,,,,,,,,,,,,,,,,,,,,,,,,,,,,,,,,,,,,,,,,,,,,,,,,,,,,,,,,,,,,,,,,,,,,,,,,,,,
,3,300000,2,,,8,,,,,,,,,,,,,,,,,,3,,,,,,,,,,,,,,,,,,,,,,,,,,,,,9,7,4,,,,,,,,,,,,,,,,,,,,,
,4,1000000,3,,,,,12,,,,,,,,,,,,,,,,,,,,6,,,,,,,,,,,,,,,,,,,,,,,,,,12,6,,,,,,,,,,,,,,,,,,,,,
,5,,3,,,,,,,,,,15,,,,,,,,,,,,,,,,,10,,,,,8,,,,,,,,,,,,,,,,,,,15,10,,,,,,,,,,,,,,,,,,,,,
,2,10000,,4,,,,,,,,,,,,2,,,,,,,,,,,,,,,,,,,,,,,,,,,,,,,,,,,,,,,,4,2,,,,,,,,,,,,,,,,,,,
,3,100000,,,,6,,,,,,,,,,4,,,,,,,,2,,,,,,,,,,,,,,,,,,,,,,,,,,,,,,,,6,4,2,,,,,,,,,,,,,,,,,,
,4,300000,,,,,,8,,,,,,,,6,,,,,,,,4,,,,,,,,,,,,,,,,,,,,,,,,,,,,,,,,8,6,4,,,,,,,,,,,,,,,,,,
,5,1000000,,,10,,,,,,,,,,,,,,,,,,,4,,,,,,6,,,,,,,,,,,,,,,,,,,,,,,,,,10,8,6,,,,,,,,,,,,,,,,,,
Togame Momoko,1,,,,,,,,,,,,,,,,,,,,,,,,,,,,,,,,,,,,,,,,,,,,,,,,,,,,,,,,,,,,,,,,,,,,,,,,,,,
,2,,,,,,,,,,,,,,,,,,,,,,,,,,,,,,,,,,,,,,,,,,,,,,,,,,,,,,,,,,,,,,,,,,,,,,,,,,,
,3,,,,,,,,,,,,,,,,,,,,,,,,,,,,,,,,,,,,,,,,,,,,,,,,,,,,,,,,,,,,,,,,,,,,,,,,,,,
,4,1000000,3,,,,,12,,,,,,,8,,,,,,,,,,,,,6,,,,,,,,,,,,,,,,,,,,12,6,,,,,,,,,,,,,,,,,,,,,,,,,,,
,5,,3,,,,,,,,,,,,15,,,,,,,,,,,,,,8,10,,,,,,,,,,,,,,,,,,15,10,,,,,,,,,,,,,,,,,,,,,,,,,,,
,2,10000,,5,,,,,,,,,,,3,,,,,,,,1,,,,,,,,,,,,,,,,,,,,,,,,,,,5,3,1,,,,,,,,,,,,,,,,,,,,,,,,
,3,100000,,,,7,,,,,,,,,5,,,,,,,,,,,,,,3,,,,,,,,,,,,,,,,,,,,,7,5,3,,,,,,,,,,,,,,,,,,,,,,,,
,4,300000,,,,,,9,,,,,,,7,,,,,,,,5,,,,,,,,,,,,,,,,,,,,,,,,,,,9,7,5,,,,,,,,,,,,,,,,,,,,,,,,
,5,1000000,,,11,,,,,,,,,,,,,,,,,,5,,,,,,,7,,,,,,,,,,,,,,,,,,,,11,9,7,,,,,,,,,,,,,,,,,,,,,,,,
Tokiwa Nanaka,1,,,,,,,,,,,,,,,,,,,,,,,,,,,,,,,,,,,,,,,,,,,,,,,,,,,,,,,,,,,,,,,,,,,,,,,,,,,
,2,,,,,,,,,,,,,,,,,,,,,,,,,,,,,,,,,,,,,,,,,,,,,,,,,,,,,,,,,,,,,,,,,,,,,,,,,,,
,3,300000,2,,,8,,,,,,,,,,,,,,,,,3,,,,,,,,,,,,,,,,,,,,,,,,,,,,,,9,7,4,,,,,,,,,,,,,,,,,,,,,
,4,1000000,3,,,,,12,,,,,,,8,,,,,,,,,,,,,6,,,,,,,,,,,,,,,,,,,,,,,,,,12,6,,,,,,,,,,,,,,,,,,,,,
,5,,3,,,,,,,,,,,,,,,15,,,,,,,,,10,,,,,,,8,,,,,,,,,,,,,,,,,,,,15,10,,,,,,,,,,,,,,,,,,,,,
,2,10000,,,,,4,,,,,,,,2,,,,,,,,,,,,,,,,,,,,,,,,,,,,,,,,,,,,,,,,,4,2,,,,,,,,,,,,,,,,,,,
,3,100000,,6,,,,,,,,,,,4,,,,,,,,2,,,,,,,,,,,,,,,,,,,,,,,,,,,,,,,,,6,4,2,,,,,,,,,,,,,,,,,,
,4,300000,,,,8,,,,,,,,,6,,,,,,,,,,,,,,4,,,,,,,,,,,,,,,,,,,,,,,,,,,8,6,4,,,,,,,,,,,,,,,,,,
,5,1000000,,,10,,,,,,,,,,,,,,,,,,4,,,,,6,,,,,,,,,,,,,,,,,,,,,,,,,,,,10,8,6,,,,,,,,,,,,,,,,,,
Tomoe Mami,1,,,,,,,,,,,,,,,,,,,,,,,,,,,,,,,,,,,,,,,,,,,,,,,,,,,,,,,,,,,,,,,,,,,,,,,,,,,
,2,,,,,,,,,,,,,,,,,,,,,,,,,,,,,,,,,,,,,,,,,,,,,,,,,,,,,,,,,,,,,,,,,,,,,,,,,,,
,3,,,,,,,,,,,,,,,,,,,,,,,,,,,,,,,,,,,,,,,,,,,,,,,,,,,,,,,,,,,,,,,,,,,,,,,,,,,
,4,1000000,3,,,12,,,,,,,,,8,,,,,,,,,,,,,6,,,,,,,,,,,,,,,,,,,,,,,,,,,,,,,,12,6,,,,,,,,,,,,,,,
,5,,3,,,,,,,,,,,,,15,,,,,,,,10,,,,,8,,,,,,,,,,,,,,,,,,,,,,,,,,,,,,,15,10,,,,,,,,,,,,,,,
,2,10000,,,,,,5,,,,,,,,3,,,,,,,,,,,,1,,,,,,,,,,,,,,,,,,,,,,,,,,,,,,,,,,5,3,1,,,,,,,,,,,,
,3,100000,,,,,7,,,,,,,,5,,,,,,,,,,,,,,3,,,,,,,,,,,,,,,,,,,,,,,,,,,,,,,,,7,5,3,,,,,,,,,,,,
,4,300000,,,,9,,,,,,,,,,7,,,,,,,,,,,,,,5,,,,,,,,,,,,,,,,,,,,,,,,,,,,,,,,9,7,5,,,,,,,,,,,,
,5,1000000,,11,,,,,,,,,,,,,,,,,,,,5,,,,,7,,,,,,,,,,,,,,,,,,,,,,,,,,,,,,,,,11,9,7,,,,,,,,,,,,
Ultimate Madoka,1,,,,,,,,,,,,,,,,,,,,,,,,,,,,,,,,,,,,,,,,,,,,,,,,,,,,,,,,,,,,,,,,,,,,,,,,,,,
,2,,,,,,,,,,,,,,,,,,,,,,,,,,,,,,,,,,,,,,,,,,,,,,,,,,,,,,,,,,,,,,,,,,,,,,,,,,,
,3,,,,,,,,,,,,,,,,,,,,,,,,,,,,,,,,,,,,,,,,,,,,,,,,,,,,,,,,,,,,,,,,,,,,,,,,,,,
,4,1000000,3,,,,12,,,,,,,,,8,,,,,,,,,,,,,6,,,,,,,,,,,,,,,,,,,,,,,,,,,,,,,,,,,,,12,6,,,,,,,,,
,5,,3,,,,,,,,,,,,15,,,,,,,,,,,,,10,,8,,,,,,,,,,,,,,,,,,,,,,,,,,,,,,,,,,,,15,10,,,,,,,,,
,2,10000,,,,,,5,,,,,,,,3,,,,,,,,,,,,1,,,,,,,,,,,,,,,,,,,,,,,,,,,,,,,,,,,,,,,,5,3,1,,,,,,
,3,100000,,,,,7,,,,,,,,5,,,,,,,,,,,,,,3,,,,,,,,,,,,,,,,,,,,,,,,,,,,,,,,,,,,,,,7,5,3,,,,,,
,4,300000,,,,9,,,,,,,,,,7,,,,,,,,,,,,,,5,,,,,,,,,,,,,,,,,,,,,,,,,,,,,,,,,,,,,,9,7,5,,,,,,
,5,1000000,,11,,,,,,,,,,,,,,,,,,,,5,,,,,7,,,,,,,,,,,,,,,,,,,,,,,,,,,,,,,,,,,,,,,11,9,7,,,,,,
Utsuho Natsuki,1,,,,,,,,,,,,,,,,,,,,,,,,,,,,,,,,,,,,,,,,,,,,,,,,,,,,,,,,,,,,,,,,,,,,,,,,,,,
,2,100000,,5,,,,,,,,,,,,3,,,,,,,,1,,,,,,,,,,,,,,,,,,,,,,,,,,,,,6,4,2,,,,,,,,,,,,,,,,,,,,,
,3,300000,2,,,8,,,,,,,,,,,,,,,,,,3,,,,,,,,,,,,,,,,,,,,,,,,,,,,,9,7,4,,,,,,,,,,,,,,,,,,,,,
,4,,3,,,,,12,,,,,,,,8,,,,,,,,,,,,,,6,,,,,,,,,,,,,,,,,,,,,,,,12,6,,,,,,,,,,,,,,,,,,,,,
,5,,,,,,,,,,,,,,,,,,,,,,,,,,,,,,,,,,,,,,,,,,,,,,,,,,,,,,,,,,,,,,,,,,,,,,,,,,,
,2,10000,,,,,3,,,,,,,,,,,,,,,,,,,,,,,,,,,,,,,,,,,,,,,,,,,,,,,,,3,,,,,,,,,,,,,,,,,,,,
,3,100000,,5,,,,,,,,,,,,3,,,,,,,,,,,,,,,,,,,,,,,,,,,,,,,,,,,,,,,,5,3,,,,,,,,,,,,,,,,,,,
,4,300000,,,,7,,,,,,,,,,5,,,,,,,,3,,,,,,,,,,,,,,,,,,,,,,,,,,,,,,,,7,5,3,,,,,,,,,,,,,,,,,,
,5,1000000,,,9,,,,,,,,,,,,,,,,,,,3,,,,,5,,,,,,,,,,,,,,,,,,,,,,,,,,,9,7,5,,,,,,,,,,,,,,,,,,
Yagami Hayate,1,,,,,,,,,,,,,,,,,,,,,,,,,,,,,,,,,,,,,,,,,,,,,,,,,,,,,,,,,,,,,,,,,,,,,,,,,,,
,2,,,,,,,,,,,,,,,,,,,,,,,,,,,,,,,,,,,,,,,,,,,,,,,,,,,,,,,,,,,,,,,,,,,,,,,,,,,
,3,300000,,,,,,,,,,,,,,,,,,,,,,,,,,,,,,,,,,,,,,,,,,,6,,,,,,,,,,,,,,,,,,,,,,,,,,,,,,,
,4,,,,,,,,,,,,,,,,,,,,,,,,,,,,,,,,,,,,,,,,,,,,6,,,,,,,,,,,,,,,,,,,,,,,,,,,,,,,
,5,,,,,,,,,,,,,,,,,,,,,,,,,,,,,,,,,,,,,,,,,,,,,,,,,,,,,,,,,,,,,,,,,,,,,,,,,,,
,2,10000,,,,,,,,,,,,,,,,,,,,,,,,,,,,,,,,,,,,,,,,,,,,1,,,,,,,,,,,,,,,,,,,,,,,,,,,,,,
,3,100000,,,,,,,,,,,,,,,,,,,,,,,,,,,,,,,,,,,,,,,,,,,,2,,,,,,,,,,,,,,,,,,,,,,,,,,,,,,
,4,300000,,,,,,,,,,,,,,,,,,,,,,,,,,,,,,,,,,,,,,,,,,,,3,,,,,,,,,,,,,,,,,,,,,,,,,,,,,,
,5,1000000,,,,,,,,,,,,,,,,,,,,,,,,,,,,,,,,,,,,,,,,,,,,5,,,,,,,,,,,,,,,,,,,,,,,,,,,,,,
Yakumo Mitama,1,,,,,,,,,,,,,,,,,,,,,,,,,,,,,,,,,,,,,,,,,,,,,,,,,,,,,,,,,,,,,,,,,,,,,,,,,,,
,2,,,,,,,,,,,,,,,,,,,,,,,,,,,,,,,,,,,,,,,,,,,,,,,,,,,,,,,,,,,,,,,,,,,,,,,,,,,
,3,,,,,,,,,,,,,,,,,,,,,,,,,,,,,,,,,,,,,,,,,,,,,,,,,,,,,,,,,,,,,,,,,,,,,,,,,,,
,4,1000000,3,,12,,,,,,,,,,,,,,8,,,,6,,,,,,,,,,,,,,,,,,,,,,,,,,,,,,,,,,,,,,,,,,,,12,,,,,,12,,,
,5,,3,,,,,,,15,,,,,,,,,,,,10,,,,,,,,,,,,,,,,,,,,,,,,,,,15,,,,,,15,,,,,,15,,,,,,,,,,,,,,,
,2,10000,,,,,,,5,,,,,,,,,3,,,,,,,,,1,,,,,,,,,,,,,,,,,,,,,,,,3,,,,,,,,,,,5,,,,,,,,,,,,,,1
,3,100000,,,,,,7,,,,,,,,,5,,,,,,,,,,,,,3,,,,,,,,,,,,,,,,,,,,,,,,,,,5,,,,,,,,,,,,,3,,,,7,,
,4,300000,,,,,9,,,,,,,,,7,,,,,,,,5,,,,,,,,,,,,,,,,,,,,,,,,,,,,5,,,,9,,,,,,,,,,,,,7,,,,,,,
,5,1000000,,,,,,,,11,,,,,,,,,,,,,,,,9,,7,,,,,,,,,,,,,,,,,,,,,,,,,,,,,,,,,,,,7,,,,11,,,,,,,9,
Yakumo Mitama (Haregi ver.),1,,,,,,,,,,,,,,,,,,,,,,,,,,,,,,,,,,,,,,,,,,,,,,,,,,,,,,,,,,,,,,,,,,,,,,,,,,,
,2,,,,,,,,,,,,,,,,,,,,,,,,,,,,,,,,,,,,,,,,,,,,,,,,,,,,,,,,,,,,,,,,,,,,,,,,,,,
,3,,,,,,,,,,,,,,,,,,,,,,,,,,,,,,,,,,,,,,,,,,,,,,,,,,,,,,,,,,,,,,,,,,,,,,,,,,,
,4,1000000,3,,,,,12,,,,,,,,8,,,,,,,,,,,,6,,,,,,,,,,,,,,,,,,,,12,,,,,,,,,,,,,,,,,,,,,,,,,6,,,
,5,,3,,,,,,,,,,15,,,,,,,,,,,,,,10,,8,,,,,,,,,,,,,,,,,,,,,,,,,,10,,,,,15,,,,,,,,,,,,,,,,
,2,10000,,5,,,,,,,,,,3,,,,,,,,,,1,,,,,,,,,,,,,,,,,,,,,,,,,,,3,,,,,,,,,,,,,1,,,,,,,,,,5,,
,3,100000,,,7,,,,,,,,,,,,,,5,,,3,,,,,,,,,,,,,,,,,,,,,,,,,,,,,,,,,,,5,,,,,,,,,,,7,,,,,,,,3
,4,300000,,,,,,,,9,,,,,,,,7,,,,,,,,,,,,,,5,,,,,,,,,,,,,,,,,,,,,,,,,,5,,,,,7,,,,,9,,,,,,,,
,5,1000000,,,,,,,,,,,,,,,11,,,,,,,,5,,,,,,7,,,,,,,,,,,,,,,,,,,11,,,,,,,,,,,,,,,,,,,9,7,,,,,,
Yayoi Kanoko,1,,,,,,,,,,,,,,,,,,,,,,,,,,,,,,,,,,,,,,,,,,,,,,,,,,,,,,,,,,,,,,,,,,,,,,,,,,,
,2,100000,,,5,,,,,,,,,,3,,,,,,,,1,,,,,,,,,,,,,,,,,,,,,,,,,,,,,,,,,,,,,,,,,,,,,,,,6,4,2,,,
,3,300000,2,,,,8,,,,,,,,,,,,,,,,,,,,,3,,,,,,,,,,,,,,,,,,,,,,,,,,,,,,,,,,,,,,,,,,,9,7,4,,,
,4,,3,12,,,,,,,,,,,8,,,,,,,,,,,,,,6,,,,,,,,,,,,,,,,,,,,,,,,,,,,,,,,,,,,,,,,,,,12,6,,,
,5,,,,,,,,,,,,,,,,,,,,,,,,,,,,,,,,,,,,,,,,,,,,,,,,,,,,,,,,,,,,,,,,,,,,,,,,,,,
,2,10000,,,,,,3,,,,,,,,,,,,,,,,,,,,,,,,,,,,,,,,,,,,,,,,,,,,,,,,,,,,,,,,,,,,,,,,,,3,,
,3,100000,,,,,5,,,,,,,,3,,,,,,,,,,,,,,,,,,,,,,,,,,,,,,,,,,,,,,,,,,,,,,,,,,,,,,,,,,,5,3,
,4,300000,,,,7,,,,,,,,,5,,,,,,,,3,,,,,,,,,,,,,,,,,,,,,,,,,,,,,,,,,,,,,,,,,,,,,,,,,,,7,5,3
,5,1000000,,9,,,,,,,,,,,,,,,,,,,3,,,,,,,5,,,,,,,,,,,,,,,,,,,,,,,,,,,,,,,,,,,,,,,,,,,,9,7,5
Yui Tsuruno,1,,,,,,,,,,,,,,,,,,,,,,,,,,,,,,,,,,,,,,,,,,,,,,,,,,,,,,,,,,,,,,,,,,,,,,,,,,,
,2,100000,,,,,5,,,,,,,,,3,,,,,,,,1,,,,,,,,,,,,,,,,,,,,,,,6,4,2,,,,,,,,,,,,,,,,,,,,,,,,,,,
,3,300000,2,8,,,,,,,,,,,,,,,,,,,,,,,,,,3,,,,,,,,,,,,,,,,,9,7,4,,,,,,,,,,,,,,,,,,,,,,,,,,,
,4,1000000,3,,,12,,,,,,,,,,8,,,,,,,,,,,,6,,,,,,,,,,,,,,,,,,,,12,6,,,,,,,,,,,,,,,,,,,,,,,,,,,
,5,,3,,,,,,,,,,,,,15,,,,,,,,10,,,,,8,,,,,,,,,,,,,,,,,,,15,10,,,,,,,,,,,,,,,,,,,,,,,,,,,
,2,10000,,,,,3,,,,,,,,,,,,,,,,,,,,,,,,,,,,,,,,,,,,,,,,,,,3,,,,,,,,,,,,,,,,,,,,,,,,,,
,3,100000,,5,,,,,,,,,,,,3,,,,,,,,,,,,,,,,,,,,,,,,,,,,,,,,,,5,3,,,,,,,,,,,,,,,,,,,,,,,,,
,4,300000,,,,7,,,,,,,,,,5,,,,,,,,3,,,,,,,,,,,,,,,,,,,,,,,,,,7,5,3,,,,,,,,,,,,,,,,,,,,,,,,
,5,1000000,,,9,,,,,,,,,,,,,,,,,,,3,,,,,5,,,,,,,,,,,,,,,,,,,,,9,7,5,,,,,,,,,,,,,,,,,,,,,,,,
Yukino Kanae,1,,,,,,,,,,,,,,,,,,,,,,,,,,,,,,,,,,,,,,,,,,,,,,,,,,,,,,,,,,,,,,,,,,,,,,,,,,,
,2,,,,,,,,,,,,,,,,,,,,,,,,,,,,,,,,,,,,,,,,,,,,,,,,,,,,,,,,,,,,,,,,,,,,,,,,,,,
,3,,,,,,,,,,,,,,,,,,,,,,,,,,,,,,,,,,,,,,,,,,,,,,,,,,,,,,,,,,,,,,,,,,,,,,,,,,,
,4,1000000,3,,,,,,,,,,,12,,,,8,,,,,6,,,,,,,,,,,,,,,,,,,,,,,,,,,,,,,,,,,,,,,,,,,,,,,,,12,6,,,
,5,,3,,,,,,15,,,,,,,,,,,,,,,,,8,,,,10,,,,,,,,,,,,,,,,,,,,,,,,,,,,,,,,,,,,,,,,,,15,10,,,
,2,10000,,5,,,,,,,,,,,,,,3,,,,,,,,1,,,,,,,,,,,,,,,,,,,,,,,,,,,,,,,,,,,,,,,,,,,,,,,,5,3,1
,3,100000,,,7,,,,,,,,,,,,,5,,,,,,,,,,,3,,,,,,,,,,,,,,,,,,,,,,,,,,,,,,,,,,,,,,,,,,,,,7,5,3
,4,300000,,,,,,9,,,,,,,,,,7,,,,,,,,5,,,,,,,,,,,,,,,,,,,,,,,,,,,,,,,,,,,,,,,,,,,,,,,,9,7,5
,5,1000000,,,,,,,11,,,,,,,,,,,,,,,,,5,,7,,,,,,,,,,,,,,,,,,,,,,,,,,,,,,,,,,,,,,,,,,,,,,11,9,7
Yusa Hazuki,1,,,,,,,,,,,,,,,,,,,,,,,,,,,,,,,,,,,,,,,,,,,,,,,,,,,,,,,,,,,,,,,,,,,,,,,,,,,
,2,,,,,,,,,,,,,,,,,,,,,,,,,,,,,,,,,,,,,,,,,,,,,,,,,,,,,,,,,,,,,,,,,,,,,,,,,,,
,3,300000,2,,,,8,,,,,,,,,,,,,,,,,,3,,,,,,,,,,,,,,,,,,,,,,,,,,,,,,,,,,,,,,,,9,7,4,,,,,,,,,
,4,,3,12,,,,,,,,,,,,,8,,,,,,,,,,,,6,,,,,,,,,,,,,,,,,,,,,,,,,,,,,,,,,,,,,12,6,,,,,,,,,
,5,,,,,,,,,,,,,,,,,,,,,,,,,,,,,,,,,,,,,,,,,,,,,,,,,,,,,,,,,,,,,,,,,,,,,,,,,,,
,2,10000,,,,,4,,,,,,,2,,,,,,,,,,,,,,,,,,,,,,,,,,,,,,,,,,,,,,,,,,,,,,,,,,,,,,4,2,,,,,,,
,3,100000,,6,,,,,,,,,,,,,4,,,,,,,,2,,,,,,,,,,,,,,,,,,,,,,,,,,,,,,,,,,,,,,,,,,,6,4,2,,,,,,
,4,300000,,,,8,,,,,,,,,,6,,,,,,,,,4,,,,,,,,,,,,,,,,,,,,,,,,,,,,,,,,,,,,,,,,,,,8,6,4,,,,,,
,5,1000000,,,10,,,,,,,,,,,,,,,,,,,4,6,,,,,,,,,,,,,,,,,,,,,,,,,,,,,,,,,,,,,,,,,,,10,8,6,,,,,,
